userId,history_len,drift,focus,maturity,freshness,w_ncf,w_tr,w_gen,static_rank,damr_rank,static_hit,damr_hit,static_ndcg,damr_ndcg
7329,83,0.0701,0.2937,0.8263,0.5657,0.6378284692764282,0.22663536667823792,0.13553614914417267,4,1,1,1,0.43067655807339306,1.0
1551,59,0.083,0.3191,0.7656,0.4541,0.6205098628997803,0.22645914554595947,0.15303099155426025,91,75,0,0,0.0,0.0
18343,38,0.2026,0.4211,0.6809,0.2865,0.5236490368843079,0.28108152747154236,0.19526951014995575,94,84,0,0,0.0,0.0
16321,257,0.0224,0.2154,1.0,0.8371,0.6925795674324036,0.21328431367874146,0.09413614869117737,40,49,0,0,0.0,0.0
14857,265,0.0284,0.2095,1.0,0.8405,0.6888769268989563,0.21708860993385315,0.09403449296951294,41,47,0,0,0.0,0.0
9275,18,0.2559,0.4392,0.5552,0.0821,0.46584856510162354,0.2947576940059662,0.23939374089241028,15,29,0,0,0.0,0.0
6740,94,0.0539,0.3265,0.8547,0.6132,0.649358332157135,0.21927742660045624,0.13136421144008636,21,8,0,1,0.0,0.31546487678572877
35835,74,0.0625,0.2397,0.8141,0.5444,0.6449010372161865,0.2224605679512024,0.13263830542564392,53,25,0,0,0.0,0.0
5771,30,0.4244,0.4874,0.5228,0.0498,0.34750986099243164,0.39916545152664185,0.2533246874809265,20,3,0,1,0.0,0.5
38856,22,0.2868,0.5325,0.5912,0.1293,0.4447900950908661,0.3134267032146454,0.24178318679332733,21,48,0,0,0.0,0.0
28022,125,0.0844,0.235,0.9119,0.6977,0.6430245637893677,0.24279707670211792,0.1141783744096756,50,15,0,0,0.0,0.0
1969,23,0.3604,0.4034,0.5993,0.1413,0.4078448712825775,0.37210267782211304,0.22005243599414825,37,69,0,0,0.0,0.0
1853,19,0.1503,0.433,0.5552,0.0821,0.5337141156196594,0.23335324227809906,0.2329326570034027,13,18,0,0,0.0,0.0
6195,56,0.2205,0.4709,0.7451,0.4138,0.5151787400245667,0.3018731474876404,0.18294818699359894,24,2,0,1,0.0,0.6309297535714575
14567,90,0.0246,0.2134,0.8506,0.6065,0.6744420528411865,0.2053978443145752,0.1201600730419159,46,43,0,0,0.0,0.0
15511,26,0.1443,0.577,0.6215,0.1771,0.5374674201011658,0.2310238927602768,0.23150861263275146,54,47,0,0,0.0,0.0
33301,213,0.0549,0.2822,1.0,0.8029,0.6717750430107117,0.22709231078624725,0.1011325940489769,10,19,1,0,0.2890648263178879,0.0
39595,43,0.295,0.318,0.6649,0.2557,0.46653202176094055,0.3440784513950348,0.18938948214054108,21,45,0,0,0.0,0.0
1633,31,0.3931,0.2819,0.6413,0.2119,0.39860641956329346,0.4113594889640808,0.19003409147262573,16,9,0,1,0.0,0.3010299956639812
36933,176,0.0148,0.228,0.9605,0.7575,0.6940540075302124,0.2047915905714035,0.10115446150302887,36,25,0,0,0.0,0.0
13216,112,0.0527,0.2108,0.8897,0.6667,0.6620357036590576,0.22353599965572357,0.11442830413579941,43,40,0,0,0.0,0.0
35809,28,0.2236,0.3255,0.6349,0.2005,0.5111165046691895,0.2909409999847412,0.19794248044490814,2,3,1,1,0.6309297535714575,0.5
27885,22,0.0443,0.6722,0.5741,0.1054,0.575680673122406,0.1734876185655594,0.2508316934108734,54,82,0,0,0.0,0.0
14683,21,0.1276,0.6376,0.5829,0.1173,0.533023476600647,0.2150280624628067,0.25194844603538513,54,21,0,0,0.0,0.0
29799,46,0.1723,0.3359,0.7219,0.3679,0.5556345582008362,0.272577702999115,0.17178775370121002,14,9,0,1,0.0,0.3010299956639812
38784,24,0.0499,0.3061,0.5912,0.1293,0.6152238249778748,0.18919897079467773,0.1955772191286087,81,56,0,0,0.0,0.0
18520,39,0.2288,0.39,0.6908,0.306,0.5096351504325867,0.3009662330150604,0.1893986612558365,89,24,0,0,0.0,0.0
424,114,0.0878,0.1966,0.809,0.5353,0.6310491561889648,0.23750929534435272,0.1314416229724884,4,1,1,1,0.43067655807339306,1.0
10642,50,0.1042,0.3686,0.7219,0.3679,0.5976986885070801,0.23103050887584686,0.17127078771591187,40,52,0,0,0.0,0.0
28071,41,0.0739,0.3412,0.7002,0.3247,0.6160560250282288,0.21234045922756195,0.17160354554653168,60,5,0,1,0.0,0.38685280723454163
22588,24,0.2371,0.3965,0.5912,0.1293,0.4890739321708679,0.28960755467414856,0.22131846845149994,74,81,0,0,0.0,0.0
18510,47,0.2302,0.3436,0.7136,0.3512,0.5146246552467346,0.3081296980381012,0.17724567651748657,89,15,0,0,0.0,0.0
10339,132,0.0823,0.2783,0.9193,0.7074,0.6428372263908386,0.24092471599578857,0.1162380650639534,24,9,0,1,0.0,0.3010299956639812
14354,96,0.0745,0.3379,0.8309,0.5738,0.6324955821037292,0.2284977287054062,0.13900670409202576,57,8,0,1,0.0,0.31546487678572877
22354,22,0.1987,0.362,0.5829,0.1173,0.5156717300415039,0.266806423664093,0.21752187609672546,21,25,0,0,0.0,0.0
6729,170,0.0611,0.2029,0.9639,0.7613,0.6671082973480225,0.2313670516014099,0.10152462869882584,37,31,0,0,0.0,0.0
6139,213,0.1,0.2405,0.9717,0.7698,0.6406592726707458,0.254311740398407,0.10502902418375015,96,67,0,0,0.0,0.0
25196,54,0.05,0.2626,0.7377,0.3992,0.6420114636421204,0.20654310286045074,0.1514453887939453,20,11,0,0,0.0,0.0
6389,27,0.2818,0.271,0.6283,0.1889,0.4748181700706482,0.3307870626449585,0.19439475238323212,30,20,0,0,0.0,0.0
23844,41,0.1863,0.3289,0.7048,0.3337,0.544816255569458,0.2787795960903168,0.17640413343906403,3,12,1,0,0.5,0.0
22844,119,0.0535,0.2957,0.898,0.6785,0.6573708653450012,0.22268125414848328,0.1199478730559349,58,31,0,0,0.0,0.0
39704,33,0.1436,0.4307,0.6535,0.2342,0.5574590563774109,0.2411097139120102,0.20143122971057892,6,4,1,1,0.3562071871080222,0.43067655807339306
17689,60,0.1619,0.358,0.772,0.4664,0.5665019750595093,0.273120641708374,0.1603773683309555,10,8,1,1,0.2890648263178879,0.31546487678572877
2722,47,0.1004,0.4721,0.5993,0.1413,0.5703878402709961,0.20947399735450745,0.22013820707798004,2,2,1,1,0.6309297535714575,0.6309297535714575
30424,238,0.0426,0.1924,1.0,0.8251,0.6822706460952759,0.22388428449630737,0.09384508430957794,28,5,0,1,0.0,0.38685280723454163
35265,81,0.1257,0.1906,0.8116,0.5399,0.606631338596344,0.2608835697174072,0.13248510658740997,33,6,0,1,0.0,0.3562071871080222
8236,18,0.419,0.6308,0.5552,0.0821,0.34664008021354675,0.38816481828689575,0.26519519090652466,61,46,0,0,0.0,0.0
25120,82,0.1133,0.4336,0.809,0.5353,0.597693145275116,0.2459554523229599,0.1563514769077301,83,94,0,0,0.0,0.0
5145,88,0.1492,0.2643,0.809,0.5353,0.5855834484100342,0.27323487401008606,0.14118170738220215,20,29,0,0,0.0,0.0
36299,95,0.1154,0.2658,0.8355,0.5815,0.6112396717071533,0.25504299998283386,0.133717343211174,1,1,1,1,1.0,1.0
19493,102,0.1377,0.3201,0.8464,0.5997,0.5939022302627563,0.2685152292251587,0.13758249580860138,84,100,0,0,0.0,0.0
41271,38,0.2041,0.2871,0.6809,0.2865,0.5332340002059937,0.2877331078052521,0.1790328472852707,6,2,1,1,0.3562071871080222,0.6309297535714575
40623,102,0.0711,0.2737,0.8702,0.6376,0.6439296007156372,0.2314542979001999,0.12461616843938828,1,1,1,1,1.0,1.0
24011,196,0.0886,0.195,0.9884,0.7871,0.653130054473877,0.24837985634803772,0.09849002212285995,74,3,0,1,0.0,0.5
37915,121,0.0682,0.2936,0.9027,0.6851,0.6487805247306824,0.23142075538635254,0.11979877948760986,9,2,1,1,0.3010299956639812,0.6309297535714575
12800,26,0.2333,0.4956,0.5993,0.1413,0.484313040971756,0.2832031548023224,0.23248377442359924,34,10,0,1,0.0,0.2890648263178879
4542,24,0.0969,0.4428,0.607,0.1534,0.5770195126533508,0.20955979824066162,0.21342065930366516,41,19,0,0,0.0,0.0
2832,48,0.1908,0.3107,0.73,0.3839,0.5458391904830933,0.286577045917511,0.16758377850055695,59,22,0,0,0.0,0.0
15200,55,0.1031,0.4713,0.759,0.4412,0.5948466062545776,0.23234345018863678,0.17280998826026917,27,21,0,0,0.0,0.0
19261,184,0.0757,0.2013,0.9844,0.783,0.6607197523117065,0.2403515726327896,0.09892863780260086,10,21,1,0,0.2890648263178879,0.0
5212,1553,0.0255,0.1807,1.0,0.9707,0.6802191138267517,0.22943688929080963,0.09034394472837448,47,78,0,0,0.0,0.0
15520,227,0.1487,0.2706,0.8286,0.5698,0.5875890254974365,0.2750686705112457,0.13734234869480133,17,7,0,1,0.0,0.3333333333333333
6658,23,0.2702,0.3969,0.5993,0.1413,0.46856099367141724,0.3117648661136627,0.21967414021492004,25,39,0,0,0.0,0.0
25208,35,0.1907,0.2622,0.6757,0.2765,0.543613612651825,0.2793797254562378,0.17700673639774323,30,2,0,1,0.0,0.6309297535714575
18513,470,0.0288,0.1971,1.0,0.8861,0.6851348876953125,0.22220908105373383,0.09265609085559845,40,49,0,0,0.0,0.0
30048,243,0.1252,0.2961,1.0,0.823,0.6223723292350769,0.2723482549190521,0.10527937859296799,43,85,0,0,0.0,0.0
24197,20,0.1631,0.4267,0.5741,0.1054,0.5306187272071838,0.24235333502292633,0.22702784836292267,75,69,0,0,0.0,0.0
10850,45,0.3151,0.2386,0.6413,0.2119,0.45555803179740906,0.3578149974346161,0.18662703037261963,11,8,0,1,0.0,0.31546487678572877
24573,109,0.0388,0.1865,0.8793,0.6514,0.6709184050559998,0.21559259295463562,0.1134890615940094,25,51,0,0,0.0,0.0
23610,130,0.0365,0.2143,0.9074,0.6915,0.6742501854896545,0.21526594460010529,0.11048393696546555,62,75,0,0,0.0,0.0
14005,19,0.2214,0.5161,0.5649,0.0936,0.4830377399921417,0.27063682675361633,0.24632549285888672,90,61,0,0,0.0,0.0
17827,51,0.0973,0.2781,0.7414,0.4066,0.6116615533828735,0.23255160450935364,0.15578676760196686,25,20,0,0,0.0,0.0
4646,99,0.086,0.2905,0.8191,0.5532,0.626996636390686,0.23512662947177887,0.1378767490386963,70,35,0,0,0.0,0.0
40053,102,0.0678,0.2516,0.8665,0.6318,0.6470035314559937,0.22976906597614288,0.1232273280620575,69,50,0,0,0.0,0.0
11426,28,0.2239,0.4087,0.6215,0.1771,0.5019674897193909,0.2850852608680725,0.21294721961021423,45,16,0,0,0.0,0.0
35138,18,0.4684,0.4712,0.5552,0.0821,0.3271949291229248,0.4355454444885254,0.2372596561908722,4,5,1,1,0.43067655807339306,0.38685280723454163
16317,41,0.2265,0.3207,0.7002,0.3247,0.5174664258956909,0.3042645752429962,0.17826899886131287,59,84,0,0,0.0,0.0
10900,19,0.1616,0.3569,0.5649,0.0936,0.5362151861190796,0.24369528889656067,0.22008955478668213,69,78,0,0,0.0,0.0
30591,67,0.1227,0.2981,0.7956,0.5109,0.5997108817100525,0.25404226779937744,0.14624693989753723,59,8,0,1,0.0,0.31546487678572877
25175,21,0.2447,0.4378,0.5741,0.1054,0.4771917462348938,0.28999724984169006,0.2328110933303833,2,9,1,1,0.6309297535714575,0.3010299956639812
17993,18,0.512,0.5565,0.4522,0.0111,0.27691611647605896,0.44682079553604126,0.2762630879878998,68,53,0,0,0.0,0.0
36667,111,0.2169,0.4123,0.8506,0.6065,0.5331324338912964,0.31826451420783997,0.14860308170318604,64,65,0,0,0.0,0.0
14632,18,0.1889,0.6358,0.545,0.0709,0.4865753650665283,0.2438674420118332,0.26955723762512207,30,26,0,0,0.0,0.0
21569,41,0.1997,0.295,0.6908,0.306,0.5367419123649597,0.2862800061702728,0.17697817087173462,80,86,0,0,0.0,0.0
3565,84,0.1296,0.4311,0.8116,0.5399,0.5874595046043396,0.2561108469963074,0.15642961859703064,86,7,0,1,0.0,0.3333333333333333
15276,19,0.0979,0.5385,0.545,0.0709,0.5519995093345642,0.2011961191892624,0.24680441617965698,8,11,1,0,0.31546487678572877,0.0
1991,49,0.0983,0.2651,0.7377,0.3992,0.6115872263908386,0.23299351334571838,0.15541929006576538,14,29,0,0,0.0,0.0
20997,23,0.2161,0.3306,0.5912,0.1293,0.5086037516593933,0.2798299789428711,0.2115662544965744,94,48,0,0,0.0,0.0
26654,37,0.2165,0.3042,0.6859,0.2963,0.5240398645401001,0.29587018489837646,0.1800900101661682,3,8,1,1,0.5,0.31546487678572877
17873,19,0.1263,0.5679,0.5649,0.0936,0.5369076728820801,0.2156505286693573,0.24744173884391785,63,36,0,0,0.0,0.0
4299,24,0.2261,0.5301,0.607,0.1534,0.4872654378414154,0.27814486622810364,0.23458969593048096,93,37,0,0,0.0,0.0
14107,47,0.1484,0.439,0.73,0.3839,0.5643796920776367,0.25544577836990356,0.1801745444536209,44,38,0,0,0.0,0.0
37315,29,0.2152,0.4025,0.6283,0.1889,0.5093227624893188,0.2810478210449219,0.2096293419599533,41,7,0,1,0.0,0.3333333333333333
20956,25,0.2096,0.3413,0.6144,0.1653,0.5160115361213684,0.2783646881580353,0.20562376081943512,57,46,0,0,0.0,0.0
14210,208,0.0344,0.1982,1.0,0.8003,0.68934565782547,0.21655960381031036,0.09409470856189728,38,11,0,0,0.0,0.0
32947,130,0.0537,0.2108,0.9119,0.6977,0.6642577052116394,0.22526176273822784,0.11048050969839096,63,28,0,0,0.0,0.0
26281,188,0.1226,0.2242,0.9673,0.765,0.625536322593689,0.26891958713531494,0.10554405301809311,71,62,0,0,0.0,0.0
30389,59,0.2854,0.3823,0.7689,0.4603,0.47817549109458923,0.35477393865585327,0.16705060005187988,43,44,0,0,0.0,0.0
9489,55,0.1276,0.3752,0.7556,0.4346,0.5862229466438293,0.24916695058345795,0.16461002826690674,14,15,0,0,0.0,0.0
17704,461,0.0303,0.1964,1.0,0.9048,0.6825093626976013,0.22503350675106049,0.09245713800191879,69,87,0,0,0.0,0.0
9282,253,0.0322,0.1587,1.0,0.831,0.6899619698524475,0.2190893292427063,0.0909486934542656,30,13,0,0,0.0,0.0
16427,30,0.1181,0.3605,0.6283,0.1889,0.5757513642311096,0.22616592049598694,0.19808274507522583,28,27,0,0,0.0,0.0
36938,18,0.3729,0.5548,0.5552,0.0821,0.38098832964897156,0.3630576729774475,0.25595399737358093,50,11,0,0,0.0,0.0
35418,21,0.526,0.4122,0.5741,0.1054,0.2980167269706726,0.4847593903541565,0.2172238975763321,96,46,0,0,0.0,0.0
17555,124,0.0824,0.2865,0.9074,0.6915,0.6406616568565369,0.2401886135339737,0.11914967745542526,11,30,0,0,0.0,0.0
38441,27,0.226,0.5013,0.6283,0.1889,0.4936380684375763,0.28288644552230835,0.22347545623779297,76,31,0,0,0.0,0.0
28453,69,0.1216,0.2502,0.7338,0.3916,0.5971514582633972,0.24646839499473572,0.15638014674186707,18,61,0,0,0.0,0.0
38353,400,0.033,0.2155,1.0,0.8921,0.680999755859375,0.2249470353126526,0.0940532311797142,72,83,0,0,0.0,0.0
26529,169,0.1158,0.3304,0.8947,0.6739,0.6140862107276917,0.258671373128891,0.12724246084690094,67,39,0,0,0.0,0.0
24026,77,0.1932,0.3039,0.7928,0.5057,0.5508482456207275,0.29838430881500244,0.15076741576194763,21,22,0,0,0.0,0.0
14608,88,0.1122,0.2934,0.8141,0.5444,0.6090834736824036,0.25002437829971313,0.1408921182155609,98,14,0,0,0.0,0.0
9176,80,0.0623,0.3208,0.8191,0.5532,0.6399670243263245,0.22088666260242462,0.13914626836776733,42,15,0,0,0.0,0.0
33598,58,0.0789,0.3514,0.7689,0.4603,0.6210480332374573,0.223667711019516,0.15528427064418793,24,11,0,0,0.0,0.0
32561,212,0.1091,0.2257,0.8684,0.6347,0.6217957735061646,0.2552145719528198,0.1229897066950798,49,80,0,0,0.0,0.0
6009,25,0.1698,0.5211,0.607,0.1534,0.5241051316261292,0.24566659331321716,0.2302282750606537,9,7,1,1,0.3010299956639812,0.3333333333333333
2894,51,0.0989,0.2551,0.7451,0.4138,0.6128052473068237,0.23461367189884186,0.1525810807943344,29,17,0,0,0.0,0.0
7231,33,0.1536,0.4004,0.6593,0.2451,0.5546095967292786,0.2488940954208374,0.19649627804756165,50,36,0,0,0.0,0.0
10155,23,0.2356,0.4837,0.5912,0.1293,0.482349693775177,0.28413012623786926,0.23352015018463135,84,33,0,0,0.0,0.0
10661,28,0.1694,0.377,0.6349,0.2005,0.5426169633865356,0.2555010914802551,0.20188187062740326,35,6,0,1,0.0,0.3562071871080222
28044,123,0.0976,0.2067,0.9074,0.6915,0.6353671550750732,0.2512192130088806,0.11341367661952972,84,21,0,0,0.0,0.0
39197,518,0.1085,0.2077,1.0,0.9154,0.6289342641830444,0.2743925452232361,0.0966731607913971,6,58,1,0,0.3562071871080222,0.0
4110,249,0.0615,0.2277,1.0,0.8303,0.6678961515426636,0.2348872572183609,0.09721662104129791,37,18,0,0,0.0,0.0
25574,27,0.2619,0.4119,0.6283,0.1889,0.47742465138435364,0.3102254867553711,0.21234989166259766,51,80,0,0,0.0,0.0
25328,18,0.3944,0.7584,0.4976,0.0314,0.33905133605003357,0.35384342074394226,0.30710524320602417,7,16,1,0,0.3333333333333333,0.0
39177,34,0.3921,0.3305,0.6593,0.2451,0.39789795875549316,0.41145867109298706,0.19064338505268097,3,5,1,1,0.5,0.38685280723454163
30959,55,0.1351,0.2749,0.7522,0.4278,0.5884301066398621,0.25640830397605896,0.15516160428524017,6,24,1,0,0.3562071871080222,0.0
34887,18,0.1717,0.585,0.545,0.0709,0.5024399161338806,0.23710642755031586,0.2604537010192871,32,37,0,0,0.0,0.0
16733,46,0.125,0.3946,0.6475,0.2231,0.5715583562850952,0.23119686543941498,0.1972447782754898,4,7,1,1,0.43067655807339306,0.3333333333333333
36401,203,0.0727,0.1918,0.9823,0.7809,0.6628609895706177,0.2387121021747589,0.09842690080404282,85,16,0,0,0.0,0.0
691,46,0.1601,0.4457,0.7002,0.3247,0.5522730350494385,0.2573907971382141,0.19033610820770264,26,27,0,0,0.0,0.0
7520,30,0.4183,0.3627,0.6475,0.2231,0.3771524429321289,0.42585650086402893,0.19699107110500336,34,13,0,0,0.0,0.0
35313,281,0.0592,0.2757,1.0,0.8485,0.6651471853256226,0.23459281027317047,0.10026005655527115,8,29,1,0,0.31546487678572877,0.0
17815,37,0.1137,0.5063,0.6859,0.2963,0.5746397972106934,0.22639845311641693,0.19896173477172852,13,1,0,1,0.0,1.0
22584,23,0.4194,0.4692,0.5912,0.1293,0.36346644163131714,0.40738144516944885,0.229152113199234,5,5,1,1,0.38685280723454163,0.38685280723454163
7333,152,0.0751,0.2665,0.9423,0.7363,0.6514314413070679,0.2378178983926773,0.11075063794851303,4,1,1,1,0.43067655807339306,1.0
19519,110,0.0789,0.2689,0.8739,0.6433,0.6396662592887878,0.23639394342899323,0.12393976002931595,21,35,0,0,0.0,0.0
28883,18,0.5347,0.3074,0.5342,0.0601,0.2928663194179535,0.49344393610954285,0.21368977427482605,56,31,0,0,0.0,0.0
10555,26,0.2211,0.3854,0.607,0.1534,0.5033888220787048,0.2823636829853058,0.21424749493598938,95,53,0,0,0.0,0.0
30077,188,0.0904,0.2099,0.9844,0.783,0.6505749821662903,0.24915608763694763,0.1002688929438591,76,38,0,0,0.0,0.0
220,24,0.3166,0.5827,0.5552,0.0821,0.4142760634422302,0.32417240738868713,0.2615515887737274,57,23,0,0,0.0,0.0
17600,67,0.0539,0.2438,0.7522,0.4278,0.6428118944168091,0.21081165969371796,0.1463763564825058,96,25,0,0,0.0,0.0
33017,67,0.0953,0.2337,0.7689,0.4603,0.6193265318870544,0.2362252026796341,0.14444829523563385,96,44,0,0,0.0,0.0
11920,27,0.1375,0.5106,0.5912,0.1293,0.542051374912262,0.2265065461397171,0.2314421385526657,22,6,0,1,0.0,0.3562071871080222
33476,28,0.1954,0.4204,0.6349,0.2005,0.5218543410301208,0.2691345512866974,0.20901112258434296,11,47,0,0,0.0,0.0
6986,119,0.071,0.2745,0.9012,0.6829,0.6479697227478027,0.23337973654270172,0.11865058541297913,38,79,0,0,0.0,0.0
19859,19,0.2699,0.5025,0.545,0.0709,0.44888362288475037,0.29871702194213867,0.25239938497543335,31,11,0,0,0.0,0.0
40998,22,0.1724,0.4482,0.5829,0.1173,0.5245622396469116,0.2475387454032898,0.22789911925792694,42,15,0,0,0.0,0.0
40042,52,0.1593,0.3858,0.7338,0.3916,0.5618537068367004,0.26460933685302734,0.17353695631027222,78,14,0,0,0.0,0.0
13217,50,0.1817,0.2715,0.7414,0.4066,0.5560489892959595,0.28406110405921936,0.15988987684249878,32,32,0,0,0.0,0.0
41085,50,0.1378,0.3747,0.6649,0.2557,0.567863404750824,0.2415855973958969,0.1905509978532791,31,9,0,1,0.0,0.3010299956639812
24841,32,0.264,0.4213,0.6593,0.2451,0.47947758436203003,0.3166700005531311,0.20385240018367767,2,3,1,1,0.6309297535714575,0.5
10780,23,0.3482,0.369,0.5993,0.1413,0.4184782803058624,0.36584436893463135,0.2156774401664734,25,10,0,1,0.0,0.2890648263178879
35449,24,0.1537,0.2873,0.607,0.1534,0.5559566020965576,0.24631796777248383,0.19772540032863617,13,9,0,1,0.0,0.3010299956639812
34958,19,0.1145,0.5608,0.5649,0.0936,0.5447759628295898,0.209958016872406,0.24526607990264893,19,15,0,0,0.0,0.0
63,405,0.0792,0.2152,1.0,0.8866,0.6514664888381958,0.252126008272171,0.09640759974718094,74,2,0,1,0.0,0.6309297535714575
39361,23,0.2214,0.6422,0.5993,0.1413,0.4782153069972992,0.26822978258132935,0.2535548210144043,51,43,0,0,0.0,0.0
21563,241,0.0802,0.255,1.0,0.8251,0.6547490358352661,0.24507273733615875,0.10017824172973633,86,16,0,0,0.0,0.0
32284,67,0.1978,0.2679,0.79,0.5004,0.549728274345398,0.30232635140419006,0.147945374250412,27,33,0,0,0.0,0.0
1182,22,0.2478,0.4016,0.5552,0.0821,0.47445428371429443,0.2918115556240082,0.233734130859375,34,29,0,0,0.0,0.0
7340,18,0.3518,0.3979,0.5552,0.0821,0.4066356122493744,0.35991233587265015,0.23345200717449188,1,2,1,1,1.0,0.6309297535714575
24085,168,0.0612,0.1897,0.9448,0.7393,0.665095865726471,0.23123030364513397,0.10367387533187866,19,22,0,0,0.0,0.0
20430,121,0.2306,0.2644,0.8443,0.5962,0.5315654873847961,0.3325364589691162,0.13589811325073242,14,20,0,0,0.0,0.0
15948,31,0.1581,0.3301,0.6535,0.2342,0.556867241859436,0.2533925473690033,0.18974022567272186,89,49,0,0,0.0,0.0
3716,165,0.08,0.2228,0.957,0.7535,0.6527785658836365,0.24208307266235352,0.10513833910226822,42,53,0,0,0.0,0.0
16052,18,0.3731,0.2642,0.5552,0.0821,0.40221673250198364,0.3835553824901581,0.2142278403043747,28,12,0,0,0.0,0.0
37329,518,0.0328,0.184,1.0,0.8931,0.6826315522193909,0.22546352446079254,0.0919049009680748,88,67,0,0,0.0,0.0
5142,59,0.184,0.3923,0.7377,0.3992,0.5452075600624084,0.28035861253738403,0.1744338572025299,58,42,0,0,0.0,0.0
5706,49,0.1666,0.3134,0.7338,0.3916,0.5624807476997375,0.27176013588905334,0.1657591462135315,86,83,0,0,0.0,0.0
32134,108,0.0751,0.1744,0.8793,0.6514,0.6486040949821472,0.23665788769721985,0.11473803222179413,54,13,0,0,0.0,0.0
4514,55,0.1205,0.3487,0.759,0.4412,0.5933112502098083,0.24629554152488708,0.16039317846298218,32,9,0,1,0.0,0.3010299956639812
35068,47,0.1959,0.3608,0.73,0.3839,0.5386461019515991,0.2878938317298889,0.17346012592315674,24,56,0,0,0.0,0.0
8296,145,0.0346,0.2629,0.9384,0.7316,0.6767866015434265,0.21448484063148499,0.10872862488031387,27,45,0,0,0.0,0.0
8502,28,0.4145,0.2987,0.5993,0.1413,0.3786873519420624,0.4175247848033905,0.2037879228591919,42,77,0,0,0.0,0.0
31477,41,0.3208,0.2073,0.7002,0.3247,0.4586428105831146,0.3751308023929596,0.16622640192508698,9,35,1,0,0.3010299956639812,0.0
36151,59,0.1218,0.3847,0.772,0.4664,0.5912554860115051,0.24772796034812927,0.1610165685415268,8,15,1,0,0.31546487678572877,0.0
11027,74,0.3149,0.333,0.6593,0.2451,0.45109501481056213,0.3560214638710022,0.19288361072540283,6,12,1,0,0.3562071871080222,0.0
17709,34,0.288,0.3534,0.6649,0.2557,0.4688398241996765,0.3374118208885193,0.1937483549118042,49,12,0,0,0.0,0.0
34785,19,0.2704,0.5193,0.5552,0.0821,0.4493139088153839,0.2990960478782654,0.2515900135040283,95,16,0,0,0.0,0.0
39929,337,0.0326,0.1915,1.0,0.8736,0.6841731667518616,0.2231878936290741,0.09263898432254791,5,9,1,1,0.38685280723454163,0.3010299956639812
28096,26,0.1229,0.6353,0.5829,0.1173,0.5360997319221497,0.21274051070213318,0.25115975737571716,1,2,1,1,1.0,0.6309297535714575
14155,29,0.2832,0.3255,0.6283,0.1889,0.46978452801704407,0.328887939453125,0.20132753252983093,2,1,1,1,0.6309297535714575,1.0
35439,58,0.0639,0.3189,0.7656,0.4541,0.6325213313102722,0.2159154713153839,0.15156324207782745,10,6,1,1,0.2890648263178879,0.3562071871080222
13374,26,0.1348,0.5064,0.6215,0.1771,0.5503253936767578,0.2288147509098053,0.22085991501808167,11,2,0,1,0.0,0.6309297535714575
20748,122,0.0354,0.2718,0.898,0.6785,0.6701662540435791,0.21308022737503052,0.116753488779068,64,58,0,0,0.0,0.0
26501,95,0.0445,0.1967,0.8567,0.6164,0.6640083193778992,0.21703697741031647,0.11895481497049332,49,10,0,1,0.0,0.2890648263178879
24798,69,0.0753,0.2318,0.7871,0.495,0.6342829465866089,0.2269905060529709,0.13872645795345306,73,26,0,0,0.0,0.0
29120,42,0.1069,0.3323,0.7048,0.3337,0.5967448949813843,0.2312646359205246,0.17199040949344635,59,34,0,0,0.0,0.0
34109,53,0.1558,0.3055,0.7451,0.4138,0.5715760588645935,0.26705124974250793,0.16137269139289856,99,96,0,0,0.0,0.0
29947,122,0.1009,0.2916,0.8355,0.5815,0.619145393371582,0.2455580085515976,0.13529656827449799,55,17,0,0,0.0,0.0
7931,136,0.0653,0.431,0.8309,0.5738,0.6315762400627136,0.22093570232391357,0.14748811721801758,23,46,0,0,0.0,0.0
16521,128,0.0562,0.0913,0.9104,0.6957,0.6692391037940979,0.22894559800624847,0.10181529819965363,51,77,0,0,0.0,0.0
14986,26,0.1811,0.4266,0.6215,0.1771,0.5283992290496826,0.25834739208221436,0.21325339376926422,15,26,0,0,0.0,0.0
4163,28,0.2643,0.4261,0.6349,0.2005,0.47561827301979065,0.3121827244758606,0.21219901740550995,83,74,0,0,0.0,0.0
22472,107,0.0846,0.2039,0.8684,0.6347,0.6393523812294006,0.2408558875322342,0.11979173868894577,66,16,0,0,0.0,0.0
1279,169,0.0974,0.3352,0.9639,0.7613,0.6359503269195557,0.2504410445690155,0.11360863596200943,20,68,0,0,0.0,0.0
38687,58,0.1015,0.223,0.7178,0.3596,0.6104478240013123,0.23334215581417084,0.15621007978916168,36,24,0,0,0.0,0.0
36456,30,0.1878,0.4076,0.6349,0.2005,0.5279462933540344,0.2651292681694031,0.2069244235754013,93,53,0,0,0.0,0.0
15339,32,0.1096,0.3644,0.6535,0.2342,0.5849236845970154,0.22460521757602692,0.1904710829257965,18,26,0,0,0.0,0.0
38712,629,0.0355,0.1654,1.0,0.8855,0.6825529336929321,0.2265426218509674,0.09090445935726166,83,20,0,0,0.0,0.0
14668,162,0.0774,0.2971,0.9534,0.7494,0.6497669219970703,0.23888368904590607,0.11134937405586243,49,44,0,0,0.0,0.0
461,161,0.0753,0.2059,0.9546,0.7508,0.6564368009567261,0.23953977227210999,0.10402335226535797,21,54,0,0,0.0,0.0
4626,143,0.1123,0.2613,0.8963,0.6762,0.6208797097206116,0.25837457180023193,0.12074567377567291,31,15,0,0,0.0,0.0
3786,20,0.4468,0.5262,0.5649,0.0936,0.3385172486305237,0.41744717955589294,0.24403557181358337,85,79,0,0,0.0,0.0
15273,54,0.0522,0.2917,0.7377,0.3992,0.6383879780769348,0.20696492493152618,0.15464703738689423,3,3,1,1,0.5,0.5
4400,35,0.2903,0.4855,0.6413,0.2119,0.45432978868484497,0.3271819055080414,0.21848829090595245,6,22,1,0,0.3562071871080222,0.0
1957,233,0.0622,0.2615,1.0,0.8143,0.6671648621559143,0.23295846581459045,0.09987667948007584,62,88,0,0,0.0,0.0
21968,52,0.1086,0.2991,0.7414,0.4066,0.6027830839157104,0.23842154443264008,0.15879535675048828,33,22,0,0,0.0,0.0
4619,338,0.0315,0.1942,1.0,0.87,0.6850569248199463,0.22213715314865112,0.09280596673488617,10,24,1,0,0.2890648263178879,0.0
33878,53,0.0655,0.3306,0.7522,0.4278,0.6289654970169067,0.214817613363266,0.15621688961982727,17,12,0,0,0.0,0.0
15866,30,0.0909,0.2834,0.6413,0.2119,0.6017886996269226,0.2156592160463333,0.18255206942558289,70,47,0,0,0.0,0.0
18533,102,0.0616,0.276,0.8721,0.6405,0.6500906348228455,0.22607681155204773,0.12383262068033218,9,25,1,0,0.3010299956639812,0.0
32091,514,0.0462,0.1969,1.0,0.9144,0.6714162230491638,0.23539672791957855,0.09318700432777405,54,38,0,0,0.0,0.0
14299,48,0.1167,0.2865,0.6283,0.1889,0.5832657217979431,0.2279977649450302,0.18873651325702667,48,27,0,0,0.0,0.0
35433,19,0.3047,0.5138,0.5342,0.0601,0.4232237935066223,0.3188096284866333,0.2579665780067444,26,24,0,0,0.0,0.0
8777,50,0.1352,0.2212,0.7377,0.3992,0.5907360911369324,0.25607550144195557,0.15318837761878967,31,26,0,0,0.0,0.0
37566,18,0.1144,0.4376,0.5552,0.0821,0.5553456544876099,0.21414080262184143,0.2305135726928711,66,61,0,0,0.0,0.0
37863,135,0.0929,0.2397,0.9207,0.7093,0.638308584690094,0.24827447533607483,0.11341693997383118,93,7,0,1,0.0,0.3333333333333333
31274,19,0.3258,0.539,0.5552,0.0821,0.41216087341308594,0.33307135105133057,0.25476786494255066,15,50,0,0,0.0,0.0
16211,18,0.1943,0.5248,0.5552,0.0821,0.4970771372318268,0.25351884961128235,0.24940402805805206,14,3,0,1,0.0,0.5
31295,589,0.0191,0.1945,1.0,0.9238,0.6879081726074219,0.22059500217437744,0.09149684011936188,6,36,1,0,0.3562071871080222,0.0
27073,95,0.0459,0.314,0.8215,0.5574,0.6509661078453064,0.21227671205997467,0.13675713539123535,31,42,0,0,0.0,0.0
12683,61,0.0672,0.3927,0.7556,0.4346,0.6233874559402466,0.21447458863258362,0.16213789582252502,42,6,0,1,0.0,0.3562071871080222
6236,46,0.2402,0.3889,0.5741,0.1054,0.4844436049461365,0.28980377316474915,0.22575266659259796,30,4,0,1,0.0,0.43067655807339306
6399,362,0.0357,0.2348,1.0,0.8809,0.6793245077133179,0.225007101893425,0.09566838294267654,47,25,0,0,0.0,0.0
28641,143,0.0408,0.2509,0.9331,0.7251,0.6728911995887756,0.2180025279521942,0.10910629481077194,23,11,0,0,0.0,0.0
23547,82,0.1132,0.2815,0.8286,0.5698,0.6108761429786682,0.25255709886550903,0.13656671345233917,44,56,0,0,0.0,0.0
28110,51,0.0677,0.3007,0.7451,0.4138,0.6290582418441772,0.21592192351818085,0.15501978993415833,96,40,0,0,0.0,0.0
27368,54,0.0918,0.2968,0.7178,0.3596,0.6108645796775818,0.22570712864398956,0.16342829167842865,51,3,0,1,0.0,0.5
30913,27,0.3089,0.5132,0.6283,0.1889,0.4379178583621979,0.3354337215423584,0.2266484797000885,78,73,0,0,0.0,0.0
3417,53,0.1178,0.2675,0.7451,0.4138,0.5996155142784119,0.24526312947273254,0.1551213264465332,39,47,0,0,0.0,0.0
6470,65,0.1435,0.3721,0.7522,0.4278,0.5755809545516968,0.2582925856113434,0.16612640023231506,13,9,0,1,0.0,0.3010299956639812
3897,156,0.0685,0.2452,0.9358,0.7284,0.656022846698761,0.2341328114271164,0.10984436422586441,14,16,0,0,0.0,0.0
26758,53,0.2582,0.2762,0.7414,0.4066,0.5021530985832214,0.3352873921394348,0.16255949437618256,33,47,0,0,0.0,0.0
22534,30,0.2255,0.5106,0.6475,0.2231,0.4962064325809479,0.2853296101093292,0.2184639573097229,91,31,0,0,0.0,0.0
7207,19,0.1111,0.4542,0.5342,0.0601,0.5502901673316956,0.21051117777824402,0.2391987442970276,8,18,1,0,0.31546487678572877,0.0
16559,209,0.0182,0.1856,1.0,0.8012,0.6998481154441833,0.20785202085971832,0.09229984134435654,89,34,0,0,0.0,0.0
12759,60,0.1806,0.3152,0.772,0.4664,0.556767463684082,0.28658372163772583,0.15664884448051453,35,38,0,0,0.0,0.0
12679,22,0.1855,0.5487,0.5912,0.1293,0.5082942843437195,0.2512563169002533,0.24044936895370483,83,10,0,1,0.0,0.2890648263178879
35268,130,0.0518,0.2461,0.9074,0.6915,0.6627712249755859,0.22324122488498688,0.1139875203371048,83,3,0,1,0.0,0.5
29767,168,0.1156,0.1671,0.9043,0.6873,0.6250983476638794,0.2632204592227936,0.11168115586042404,18,3,0,1,0.0,0.5
9321,119,0.0332,0.2562,0.8996,0.6807,0.6727120876312256,0.21225756406784058,0.11503040790557861,2,2,1,1,0.6309297535714575,0.6309297535714575
41511,114,0.0559,0.3207,0.8897,0.6667,0.6531303524971008,0.22301293909549713,0.12385676801204681,97,76,0,0,0.0,0.0
12260,19,0.298,0.4607,0.5552,0.0821,0.4366683065891266,0.3201587200164795,0.24317294359207153,2,2,1,1,0.6309297535714575,0.6309297535714575
18534,115,0.141,0.2761,0.8506,0.6065,0.5949671864509583,0.27231764793395996,0.1327151656150818,2,2,1,1,0.6309297535714575,0.6309297535714575
30606,125,0.0472,0.2867,0.9104,0.6957,0.6635777354240417,0.21996952593326569,0.11645268648862839,56,45,0,0,0.0,0.0
16607,20,0.1319,0.5701,0.5649,0.0936,0.5332838892936707,0.2184346616268158,0.24828144907951355,33,50,0,0,0.0,0.0
4937,435,0.0211,0.1946,1.0,0.8979,0.6890062093734741,0.21906821429729462,0.09192556887865067,59,43,0,0,0.0,0.0
29441,34,0.0918,0.376,0.6704,0.2662,0.5976301431655884,0.21685197949409485,0.1855178326368332,26,44,0,0,0.0,0.0
36180,28,0.2008,0.3729,0.6215,0.1771,0.5202823877334595,0.27253708243370056,0.20718055963516235,67,45,0,0,0.0,0.0
6445,164,0.0734,0.1727,0.9134,0.6997,0.6540032625198364,0.2376158982515335,0.10838084667921066,66,45,0,0,0.0,0.0
3116,281,0.0899,0.1831,1.0,0.8501,0.6495002508163452,0.25530433654785156,0.095195472240448,91,40,0,0,0.0,0.0
35507,19,0.2531,0.4831,0.5649,0.0936,0.46579331159591675,0.2915976643562317,0.24260897934436798,11,4,0,1,0.0,0.43067655807339306
897,23,0.1844,0.3904,0.5993,0.1413,0.5255300998687744,0.2589643597602844,0.21550551056861877,16,25,0,0,0.0,0.0
6170,27,0.4655,0.3669,0.6283,0.1889,0.34394922852516174,0.45576944947242737,0.20028133690357208,70,72,0,0,0.0,0.0
15761,124,0.03,0.4389,0.9074,0.6915,0.6638789772987366,0.2071872055530548,0.12893375754356384,23,16,0,0,0.0,0.0
11083,242,0.0866,0.2427,0.8702,0.6376,0.635847806930542,0.2412906438112259,0.12286156415939331,22,44,0,0,0.0,0.0
27030,269,0.0385,0.198,1.0,0.8416,0.6830565333366394,0.2231469750404358,0.09379641711711884,74,15,0,0,0.0,0.0
32103,28,0.1826,0.4465,0.607,0.1534,0.5229950547218323,0.25637853145599365,0.22062644362449646,17,2,0,1,0.0,0.6309297535714575
31854,69,0.3725,0.3823,0.6757,0.2765,0.40951985120773315,0.39766833186149597,0.1928117573261261,18,29,0,0,0.0,0.0
14268,247,0.0666,0.2716,1.0,0.8303,0.6622809171676636,0.2371073067188263,0.10061172395944595,86,83,0,0,0.0,0.0
26651,18,0.1824,0.5696,0.545,0.0709,0.49745479226112366,0.24371211230754852,0.2588331699371338,92,86,0,0,0.0,0.0
3768,501,0.0339,0.1998,1.0,0.9126,0.6793326735496521,0.22789019346237183,0.09277710318565369,22,24,0,0,0.0,0.0
10981,293,0.1059,0.2148,1.0,0.8316,0.6389315724372864,0.26268360018730164,0.098384790122509,84,35,0,0,0.0,0.0
25150,32,0.1546,0.4243,0.6593,0.2451,0.5518687963485718,0.24853242933750153,0.1995987892150879,86,91,0,0,0.0,0.0
143,70,0.1081,0.2515,0.8011,0.5209,0.6132204532623291,0.24721971154212952,0.13955983519554138,53,28,0,0,0.0,0.0
25929,66,0.0832,0.3772,0.7689,0.4603,0.616329550743103,0.22533424198627472,0.15833622217178345,10,14,1,0,0.2890648263178879,0.0
17714,38,0.13,0.313,0.6859,0.2963,0.5810287594795227,0.24235492944717407,0.17661625146865845,77,81,0,0,0.0,0.0
30161,107,0.098,0.2555,0.7414,0.4066,0.612924337387085,0.2336033284664154,0.15347236394882202,4,14,1,0,0.43067655807339306,0.0
18988,36,0.0823,0.4829,0.6757,0.2765,0.594580888748169,0.20909520983695984,0.19632388651371002,27,31,0,0,0.0,0.0
28084,177,0.0503,0.1862,0.9728,0.771,0.6761658787727356,0.22551606595516205,0.09831802546977997,23,2,0,1,0.0,0.6309297535714575
36589,20,0.1317,0.4408,0.5741,0.1054,0.5488467812538147,0.22458906471729279,0.2265641838312149,75,25,0,0,0.0,0.0
32182,21,0.4359,0.6308,0.4522,0.0111,0.3143872916698456,0.3886653482913971,0.29694730043411255,2,2,1,1,0.6309297535714575,0.6309297535714575
10291,516,0.0263,0.2037,1.0,0.8753,0.6873458623886108,0.21955671906471252,0.09309743344783783,65,77,0,0,0.0,0.0
12651,36,0.0706,0.5244,0.6757,0.2765,0.5977447032928467,0.20177370309829712,0.20048165321350098,43,27,0,0,0.0,0.0
19752,70,0.0783,0.3085,0.8038,0.5258,0.6288561224937439,0.22859126329421997,0.1425526738166809,8,31,1,0,0.31546487678572877,0.0
14515,84,0.0481,0.2939,0.8355,0.5815,0.6527659893035889,0.2152094542980194,0.13202452659606934,7,21,1,0,0.3333333333333333,0.0
3758,160,0.0768,0.2032,0.9546,0.7508,0.6556041240692139,0.2404952198266983,0.10390075296163559,53,25,0,0,0.0,0.0
38043,133,0.0494,0.1839,0.9193,0.7074,0.6695173382759094,0.2236315906047821,0.10685107111930847,57,42,0,0,0.0,0.0
35649,131,0.0285,0.2808,0.9164,0.7036,0.6763701438903809,0.20999285578727722,0.1136370375752449,23,4,0,1,0.0,0.43067655807339306
3913,727,0.0465,0.1922,1.0,0.9382,0.669188916683197,0.23824019730091095,0.0925709530711174,67,50,0,0,0.0,0.0
20883,40,0.1763,0.2621,0.7002,0.3247,0.5561339855194092,0.2743109166622162,0.16955514252185822,4,14,1,0,0.43067655807339306,0.0
3639,57,0.2032,0.4588,0.7624,0.4477,0.5298555493354797,0.29413750767707825,0.1760069578886032,4,15,1,0,0.43067655807339306,0.0
3084,30,0.4474,0.4769,0.6215,0.1771,0.3486531674861908,0.4329319894313812,0.21841491758823395,76,50,0,0,0.0,0.0
38396,258,0.0545,0.2235,1.0,0.8359,0.6720977425575256,0.2314205765724182,0.09648163616657257,42,32,0,0,0.0,0.0
31566,18,0.2269,0.3749,0.5342,0.0601,0.48565590381622314,0.27863240242004395,0.23571166396141052,86,20,0,0,0.0,0.0
33142,77,0.1617,0.228,0.8116,0.5399,0.5796043872833252,0.2827318012714386,0.1376638412475586,2,5,1,1,0.6309297535714575,0.38685280723454163
34984,132,0.0664,0.2505,0.9178,0.7055,0.6545958518981934,0.23206579685211182,0.11333827674388885,48,2,0,1,0.0,0.6309297535714575
10494,103,0.0739,0.2318,0.8665,0.6318,0.6443381309509277,0.23376040160655975,0.12190143018960953,23,9,0,1,0.0,0.3010299956639812
3625,210,0.0933,0.106,0.9991,0.7976,0.655971884727478,0.2530256509780884,0.09100249409675598,56,4,0,1,0.0,0.43067655807339306
33483,58,0.0999,0.4269,0.7689,0.4603,0.6017873883247375,0.23326081037521362,0.16495178639888763,3,30,1,0,0.5,0.0
5223,30,0.3506,0.372,0.6475,0.2231,0.42259669303894043,0.3765012323856354,0.20090201497077942,7,6,1,1,0.3333333333333333,0.3562071871080222
12400,503,0.043,0.1699,1.0,0.9072,0.6755051612854004,0.23318305611610413,0.09131176769733429,51,46,0,0,0.0,0.0
4469,37,0.1707,0.2169,0.6859,0.2963,0.5617443323135376,0.27018308639526367,0.16807256639003754,29,70,0,0,0.0,0.0
39145,27,0.1457,0.4131,0.6283,0.1889,0.5535094141960144,0.23948045074939728,0.2070101499557495,3,2,1,1,0.5,0.6309297535714575
4441,50,0.0307,0.3271,0.7377,0.3992,0.648510754108429,0.19500623643398285,0.15648303925991058,69,43,0,0,0.0,0.0
15670,391,0.0297,0.1787,1.0,0.8539,0.6884357333183289,0.2196982204914093,0.09186599403619766,78,94,0,0,0.0,0.0
26817,52,0.3824,0.2498,0.7377,0.3992,0.41422340273857117,0.4265410006046295,0.15923553705215454,88,36,0,0,0.0,0.0
7865,36,0.1886,0.3968,0.6704,0.2662,0.53357994556427,0.2716873586177826,0.19473272562026978,100,97,0,0,0.0,0.0
37465,28,0.1262,0.3333,0.6349,0.2005,0.574210524559021,0.23243698477745056,0.19335250556468964,11,76,0,0,0.0,0.0
16408,92,0.1685,0.3901,0.8355,0.5815,0.5668464303016663,0.2848268449306488,0.14832672476768494,85,40,0,0,0.0,0.0
38018,340,0.0685,0.2356,1.0,0.8743,0.6587303280830383,0.24376074969768524,0.09750885516405106,35,41,0,0,0.0,0.0
39101,49,0.0781,0.3917,0.7377,0.3992,0.614333987236023,0.21806466579437256,0.16760125756263733,43,88,0,0,0.0,0.0
2495,81,0.154,0.4552,0.7002,0.3247,0.5554568767547607,0.25340625643730164,0.19113689661026,39,57,0,0,0.0,0.0
5394,20,0.3068,0.5612,0.5741,0.1054,0.4261980354785919,0.32188910245895386,0.25191283226013184,89,100,0,0,0.0,0.0
27864,298,0.0159,0.1775,1.0,0.8475,0.6975951790809631,0.2113111913204193,0.09109362959861755,23,76,0,0,0.0,0.0
38359,19,0.3224,0.4067,0.5649,0.0936,0.42707520723342896,0.3407479524612427,0.2321767956018448,91,21,0,0,0.0,0.0
37206,18,0.5306,0.4286,0.545,0.0709,0.29062023758888245,0.48164165019989014,0.2277381420135498,2,5,1,1,0.6309297535714575,0.38685280723454163
34442,38,0.1863,0.3325,0.6649,0.2557,0.5396547317504883,0.27205997705459595,0.18828533589839935,75,90,0,0,0.0,0.0
21073,540,0.0522,0.2443,1.0,0.9182,0.6647548079490662,0.2385505586862564,0.09669457376003265,1,1,1,1,1.0,1.0
17416,41,0.0683,0.2563,0.6859,0.2963,0.6246435642242432,0.20994259417057037,0.1654137820005417,79,31,0,0,0.0,0.0
13611,41,0.1545,0.2903,0.7048,0.3337,0.5691145658493042,0.26053959131240845,0.17034587264060974,44,27,0,0,0.0,0.0
20922,29,0.2857,0.4,0.6349,0.2005,0.4632608890533447,0.3277212381362915,0.2090177983045578,6,48,1,0,0.3562071871080222,0.0
15900,133,0.0713,0.2357,0.9164,0.7036,0.6521266102790833,0.23518483340740204,0.11268854886293411,43,34,0,0,0.0,0.0
17733,23,0.1029,0.4108,0.5912,0.1293,0.5732361078262329,0.2122172862291336,0.2145465463399887,79,60,0,0,0.0,0.0
26290,126,0.0487,0.2474,0.9104,0.6957,0.6650357246398926,0.22161325812339783,0.11335106194019318,68,11,0,0,0.0,0.0
8684,57,0.0959,0.3294,0.7656,0.4541,0.6114965081214905,0.2334766834974289,0.15502683818340302,41,30,0,0,0.0,0.0
19975,152,0.0604,0.2617,0.9436,0.7378,0.6613790392875671,0.22930891811847687,0.10931199789047241,24,24,0,0,0.0,0.0
30306,75,0.039,0.2691,0.8166,0.5488,0.6577732563018799,0.20911896228790283,0.13310778141021729,2,9,1,1,0.6309297535714575,0.3010299956639812
21050,37,0.2214,0.3618,0.6757,0.2765,0.5150753259658813,0.2947407364845276,0.19018401205539703,15,14,0,0,0.0,0.0
4710,47,0.2322,0.2852,0.7219,0.3679,0.518191397190094,0.31350257992744446,0.16830597817897797,4,21,1,0,0.43067655807339306,0.0
583,68,0.0459,0.3616,0.7984,0.5159,0.6445329189300537,0.20883385837078094,0.14663328230381012,1,1,1,1,1.0,1.0
30358,161,0.0311,0.2695,0.9546,0.7508,0.6808977127075195,0.21285371482372284,0.10624854266643524,3,17,1,0,0.5,0.0
37052,20,0.3426,0.4735,0.5649,0.0936,0.40858954191207886,0.3498813509941101,0.24152915179729462,69,20,0,0,0.0,0.0
6574,53,0.0781,0.3659,0.7486,0.4209,0.6178395748138428,0.2202540785074234,0.16190631687641144,90,21,0,0,0.0,0.0
4765,676,0.0251,0.169,1.0,0.9336,0.6845042705535889,0.22548368573188782,0.0900120884180069,5,10,1,1,0.38685280723454163,0.2890648263178879
35351,342,0.0524,0.2117,1.0,0.8303,0.6745750308036804,0.22979922592639923,0.09562574326992035,18,53,0,0,0.0,0.0
14232,166,0.0471,0.2147,0.9616,0.7588,0.6750327944755554,0.22299610078334808,0.10197117924690247,23,80,0,0,0.0,0.0
33344,75,0.0985,0.2482,0.8141,0.5444,0.62117999792099,0.2430516481399536,0.1357683390378952,13,27,0,0,0.0,0.0
40501,218,0.0552,0.2116,0.9684,0.7662,0.6710591316223145,0.22783014178276062,0.10111073404550552,22,44,0,0,0.0,0.0
8789,28,0.2855,0.3412,0.6283,0.1889,0.46702563762664795,0.32959914207458496,0.20337530970573425,56,17,0,0,0.0,0.0
23194,313,0.0555,0.1924,0.9605,0.7575,0.6707769632339478,0.2282244712114334,0.10099851340055466,71,18,0,0,0.0,0.0
4497,237,0.0584,0.266,0.9728,0.771,0.6666676998138428,0.22874200344085693,0.1045902892947197,4,1,1,1,0.43067655807339306,1.0
16287,82,0.0645,0.3157,0.8166,0.5488,0.6386364102363586,0.22198909521102905,0.13937446475028992,84,85,0,0,0.0,0.0
24523,161,0.0806,0.243,0.9522,0.748,0.6505815386772156,0.24190610647201538,0.10751233994960785,30,7,0,1,0.0,0.3333333333333333
18960,51,0.1114,0.3079,0.7414,0.4066,0.6002960801124573,0.23977620899677277,0.15992774069309235,59,54,0,0,0.0,0.0
10514,41,0.1348,0.339,0.7002,0.3247,0.5776268243789673,0.24639378488063812,0.1759794056415558,24,13,0,0,0.0,0.0
29123,98,0.063,0.1865,0.8547,0.6132,0.6527581214904785,0.22755903005599976,0.11968288570642471,30,42,0,0,0.0,0.0
35723,39,0.1169,0.4434,0.6956,0.3154,0.5797097086906433,0.23182445764541626,0.18846578896045685,60,44,0,0,0.0,0.0
20139,72,0.0714,0.2677,0.809,0.5353,0.6367396712303162,0.22628241777420044,0.1369779407978058,53,73,0,0,0.0,0.0
40202,29,0.2203,0.4869,0.5228,0.0498,0.4764665961265564,0.26790452003479004,0.2556288540363312,6,10,1,1,0.3562071871080222,0.2890648263178879
34880,95,0.038,0.2011,0.8567,0.6164,0.667761504650116,0.21335430443286896,0.11888422816991806,21,83,0,0,0.0,0.0
488,23,0.3018,0.7175,0.5741,0.1054,0.41546404361724854,0.3083387613296509,0.2761971950531006,91,63,0,0,0.0,0.0
36487,112,0.1039,0.2283,0.8776,0.6488,0.6262022852897644,0.2526654899120331,0.12113218754529953,25,3,0,1,0.0,0.5
19916,141,0.1059,0.3395,0.8684,0.6347,0.6167171001434326,0.25031083822250366,0.1329721063375473,67,26,0,0,0.0,0.0
6816,27,0.0848,0.5081,0.6283,0.1889,0.5821055173873901,0.20350582897663116,0.2143886834383011,47,5,0,1,0.0,0.38685280723454163
8914,134,0.0847,0.2645,0.9164,0.7036,0.6416922807693481,0.24253399670124054,0.1157737448811531,2,3,1,1,0.6309297535714575,0.5
41374,47,0.1177,0.4241,0.6704,0.2662,0.5771462917327881,0.22929027676582336,0.1935633271932602,58,6,0,1,0.0,0.3562071871080222
7579,130,0.0453,0.3102,0.9119,0.6977,0.6635145545005798,0.21849077939987183,0.11799469590187073,86,18,0,0,0.0,0.0
7034,19,0.2807,0.6542,0.5649,0.0936,0.43252310156822205,0.2982311248779297,0.26924580335617065,22,15,0,0,0.0,0.0
41063,481,0.0159,0.2493,1.0,0.9076,0.6885446310043335,0.2162279337644577,0.09522753208875656,69,10,0,1,0.0,0.2890648263178879
10330,369,0.0367,0.1812,1.0,0.8692,0.6825108528137207,0.22526812553405762,0.0922209620475769,34,48,0,0,0.0,0.0
18121,177,0.0387,0.2093,0.9739,0.7721,0.6823814511299133,0.2184859663248062,0.09913254529237747,90,13,0,0,0.0,0.0
18750,22,0.2729,0.8456,0.5829,0.1173,0.42282798886299133,0.28364357352256775,0.29352840781211853,43,57,0,0,0.0,0.0
39814,109,0.1486,0.2816,0.8377,0.5853,0.5879404544830322,0.27569320797920227,0.13636630773544312,85,31,0,0,0.0,0.0
14079,88,0.1419,0.2789,0.8443,0.5962,0.5934572815895081,0.27217307686805725,0.1343695968389511,44,29,0,0,0.0,0.0
22763,24,0.1652,0.3937,0.5993,0.1413,0.5375690460205078,0.2476806491613388,0.21475034952163696,84,67,0,0,0.0,0.0
13564,149,0.0209,0.2497,0.9397,0.7332,0.6861421465873718,0.20725248754024506,0.10660535842180252,22,35,0,0,0.0,0.0
17654,38,0.1972,0.3714,0.6908,0.306,0.532505214214325,0.2815459668636322,0.18594887852668762,29,65,0,0,0.0,0.0
33305,75,0.1363,0.2556,0.79,0.5004,0.5929591059684753,0.26294857263565063,0.1440923660993576,76,97,0,0,0.0,0.0
32283,19,0.307,0.461,0.5552,0.0821,0.43080517649650574,0.325967937707901,0.24322694540023804,80,55,0,0,0.0,0.0
16718,23,0.2668,0.4298,0.5993,0.1413,0.4680820107460022,0.30776193737983704,0.22415605187416077,6,2,1,1,0.3562071871080222,0.6309297535714575
3129,123,0.1303,0.2566,0.8064,0.5306,0.5986508131027222,0.2612587809562683,0.14009033143520355,30,6,0,1,0.0,0.3562071871080222
6109,70,0.2345,0.2341,0.8011,0.5209,0.5266561508178711,0.33046501874923706,0.14287883043289185,48,51,0,0,0.0,0.0
40687,98,0.0628,0.2309,0.8645,0.6288,0.6512541770935059,0.22722098231315613,0.1215248703956604,51,25,0,0,0.0,0.0
18432,19,0.5921,0.5241,0.5552,0.0821,0.2523292899131775,0.5178719162940979,0.22979874908924103,23,28,0,0,0.0,0.0
2742,52,0.1753,0.251,0.7486,0.4209,0.5625846982002258,0.2818273603916168,0.15558788180351257,32,15,0,0,0.0,0.0
265,501,0.1207,0.2604,0.9193,0.7074,0.6182325482368469,0.26503387093544006,0.11673352122306824,5,44,1,0,0.38685280723454163,0.0
22156,41,0.4077,0.2617,0.7048,0.3337,0.3939690589904785,0.4375300705432892,0.16850097477436066,7,19,1,0,0.3333333333333333,0.0
8683,573,0.0215,0.2253,1.0,0.9228,0.6849300265312195,0.22135986387729645,0.09371007978916168,76,30,0,0,0.0,0.0
17515,335,0.0367,0.225,1.0,0.8576,0.6813347339630127,0.22332021594047546,0.09534507244825363,44,44,0,0,0.0,0.0
10785,18,0.3328,0.309,0.5552,0.0821,0.4259263873100281,0.3527323603630066,0.22134122252464294,48,59,0,0,0.0,0.0
29355,72,0.1482,0.4425,0.79,0.5004,0.5715623497962952,0.26423966884613037,0.16419793665409088,9,7,1,1,0.3010299956639812,0.3333333333333333
36281,23,0.1941,0.3594,0.5993,0.1413,0.5220090746879578,0.26611220836639404,0.211878702044487,22,44,0,0,0.0,0.0
28418,84,0.0749,0.1505,0.8377,0.5853,0.6454584002494812,0.23384857177734375,0.12069295346736908,59,77,0,0,0.0,0.0
36916,507,0.0749,0.2146,1.0,0.9089,0.6521750688552856,0.2519790828227997,0.09584592282772064,2,3,1,1,0.6309297535714575,0.5
612,224,0.0505,0.1538,1.0,0.8158,0.680076003074646,0.22814413905143738,0.091779924929142,80,35,0,0,0.0,0.0
40933,26,0.1883,0.5214,0.6215,0.1771,0.5150625109672546,0.25825342535972595,0.2266840636730194,23,64,0,0,0.0,0.0
4930,81,0.0824,0.3093,0.8286,0.5698,0.6291484236717224,0.2335299402475357,0.13732168078422546,78,63,0,0,0.0,0.0
9923,53,0.156,0.1903,0.6956,0.3154,0.5746809244155884,0.26351702213287354,0.16180209815502167,64,79,0,0,0.0,0.0
35846,105,0.0799,0.2436,0.8793,0.6514,0.6412827372550964,0.23795071244239807,0.12076656520366669,17,5,0,1,0.0,0.38685280723454163
2265,59,0.245,0.4524,0.6956,0.3154,0.4943264424800873,0.309512734413147,0.19616088271141052,47,58,0,0,0.0,0.0
24499,31,0.1808,0.2866,0.6349,0.2005,0.5428586006164551,0.2660200893878937,0.19112122058868408,6,21,1,0,0.3562071871080222,0.0
38278,80,0.0985,0.2751,0.8263,0.5657,0.6207607984542847,0.24362225830554962,0.13561700284481049,33,93,0,0,0.0,0.0
36340,89,0.1634,0.2473,0.8464,0.5997,0.5807823538780212,0.28729772567749023,0.13191993534564972,80,27,0,0,0.0,0.0
9846,18,0.1541,0.5539,0.5552,0.0821,0.519053041934967,0.22998154163360596,0.2509653866291046,70,55,0,0,0.0,0.0
28557,46,0.0925,0.4117,0.7048,0.3337,0.5991437435150146,0.22078171372413635,0.18007448315620422,100,100,0,0,0.0,0.0
8442,27,0.2249,0.4434,0.6283,0.1889,0.4994082450866699,0.28509342670440674,0.21549828350543976,5,2,1,1,0.38685280723454163,0.6309297535714575
2624,65,0.1474,0.3506,0.7842,0.4895,0.5781893134117126,0.2660500109195709,0.15576063096523285,1,41,1,0,1.0,0.0
20476,55,0.1345,0.5085,0.7556,0.4346,0.5710780024528503,0.2486630529165268,0.18025903403759003,90,84,0,0,0.0,0.0
24185,46,0.1909,0.4622,0.6956,0.3154,0.5299712419509888,0.27458906173706055,0.1954396665096283,29,62,0,0,0.0,0.0
2505,208,0.0374,0.3263,1.0,0.7994,0.68063884973526,0.215964674949646,0.10339648276567459,24,29,0,0,0.0,0.0
23768,129,0.0729,0.3351,0.9149,0.7016,0.6448580622673035,0.2338695079088211,0.12127240002155304,5,8,1,1,0.38685280723454163,0.31546487678572877
14044,297,0.076,0.1926,1.0,0.8558,0.6577504873275757,0.24711371958255768,0.09513573348522186,47,21,0,0,0.0,0.0
16599,20,0.2464,0.4654,0.545,0.0709,0.4673211872577667,0.28643161058425903,0.24624718725681305,10,8,1,1,0.2890648263178879,0.31546487678572877
6756,70,0.1319,0.3023,0.7928,0.5057,0.5929713845252991,0.2591790556907654,0.14784954488277435,85,3,0,1,0.0,0.5
23513,158,0.0539,0.2626,0.9235,0.7129,0.6626338958740234,0.22483251988887787,0.11253359168767929,78,14,0,0,0.0,0.0
36865,52,0.1744,0.2857,0.7451,0.4138,0.5604118704795837,0.27944767475128174,0.16014041006565094,71,52,0,0,0.0,0.0
40550,411,0.0439,0.1803,1.0,0.8938,0.6756742000579834,0.2321036458015442,0.09222211688756943,31,50,0,0,0.0,0.0
10269,1107,0.0331,0.157,1.0,0.9526,0.6782119870185852,0.23238903284072876,0.08939895033836365,23,15,0,0,0.0,0.0
15791,203,0.0258,0.2074,0.9981,0.7967,0.6940339207649231,0.211432084441185,0.0945340245962143,20,22,0,0,0.0,0.0
10844,58,0.1148,0.3222,0.7689,0.4603,0.6001894474029541,0.24509559571743011,0.1547149270772934,13,11,0,0,0.0,0.0
11793,18,0.3015,0.4357,0.5552,0.0821,0.43650004267692566,0.3239798843860626,0.2395201325416565,20,13,0,0,0.0,0.0
27440,57,0.0764,0.2851,0.7624,0.4477,0.6268890500068665,0.22327686846256256,0.14983408153057098,44,46,0,0,0.0,0.0
1523,18,0.1433,0.4979,0.545,0.0709,0.5289378762245178,0.22599299252033234,0.24506905674934387,85,67,0,0,0.0,0.0
11969,50,0.1631,0.3354,0.7377,0.3992,0.5636282563209534,0.2693867087364197,0.16698497533798218,33,28,0,0,0.0,0.0
22060,31,0.146,0.5167,0.6413,0.2119,0.5459461808204651,0.23726162314414978,0.21679222583770752,57,24,0,0,0.0,0.0
27412,19,0.2772,0.3669,0.5552,0.0821,0.4581986367702484,0.31235671043395996,0.22944466769695282,11,3,0,1,0.0,0.5
16530,77,0.0482,0.3586,0.8141,0.5444,0.6453655362129211,0.21175284683704376,0.14288152754306793,9,6,1,1,0.3010299956639812,0.3562071871080222
41030,113,0.1468,0.3426,0.888,0.6643,0.591305136680603,0.27750951051712036,0.1311853528022766,23,17,0,0,0.0,0.0
10610,41,0.1713,0.217,0.6215,0.1771,0.5528713464736938,0.26119789481163025,0.1859307587146759,47,30,0,0,0.0,0.0
7117,18,0.1516,0.6524,0.545,0.0709,0.507434070110321,0.2231958955526352,0.2693699896335602,92,85,0,0,0.0,0.0
25399,23,0.3337,0.5405,0.5552,0.0821,0.40699830651283264,0.33812040090560913,0.2548813223838806,69,61,0,0,0.0,0.0
2427,320,0.0468,0.2414,0.9943,0.793,0.6786187291145325,0.22268593311309814,0.09869541227817535,48,46,0,0,0.0,0.0
31150,133,0.0526,0.1894,0.9119,0.6977,0.6662030220031738,0.2250533252954483,0.10874366760253906,26,42,0,0,0.0,0.0
14826,39,0.0928,0.4304,0.6956,0.3154,0.5959948897361755,0.21905767917633057,0.18494732677936554,15,30,0,0,0.0,0.0
13259,206,0.0629,0.2268,0.9953,0.7939,0.6693111658096313,0.23230287432670593,0.09838595986366272,90,18,0,0,0.0,0.0
30472,34,0.2702,0.3985,0.6649,0.2557,0.4777028262615204,0.3230256736278534,0.19927142560482025,13,10,0,1,0.0,0.2890648263178879
23233,20,0.1969,0.4877,0.5741,0.1054,0.5033443570137024,0.25876688957214355,0.23788884282112122,4,8,1,1,0.43067655807339306,0.31546487678572877
20298,113,0.1103,0.3055,0.888,0.6643,0.6184566617012024,0.25544318556785583,0.1261001080274582,34,16,0,0,0.0,0.0
15187,78,0.1023,0.3727,0.7928,0.5057,0.607387125492096,0.2393529862165451,0.15325993299484253,1,5,1,1,1.0,0.38685280723454163
14844,20,0.2139,0.5863,0.5649,0.0936,0.4809681475162506,0.2624955475330353,0.2565362751483917,77,55,0,0,0.0,0.0
1458,19,0.2709,0.3511,0.5649,0.0936,0.46563586592674255,0.3102371096611023,0.22412702441215515,38,49,0,0,0.0,0.0
12879,282,0.0229,0.2088,1.0,0.8501,0.6914585828781128,0.21498243510723114,0.09355899691581726,45,18,0,0,0.0,0.0
26477,62,0.0927,0.3333,0.7556,0.4346,0.6120486855506897,0.2302314043045044,0.1577199399471283,14,76,0,0,0.0,0.0
21801,19,0.2787,0.3879,0.5552,0.0821,0.45544004440307617,0.31211045384407043,0.23244954645633698,77,53,0,0,0.0,0.0
18539,55,0.2391,0.3509,0.6956,0.3154,0.5060766339302063,0.3103935718536377,0.183529794216156,12,4,0,1,0.0,0.43067655807339306
4533,21,0.1806,0.5438,0.5829,0.1173,0.5100931525230408,0.24771931767463684,0.2421875298023224,29,29,0,0,0.0,0.0
18568,20,0.2564,0.5112,0.5741,0.1054,0.46303531527519226,0.2931564152240753,0.243808314204216,4,9,1,1,0.43067655807339306,0.3010299956639812
23301,29,0.2164,0.3301,0.6349,0.2005,0.5155733823776245,0.2861747741699219,0.19825194776058197,28,37,0,0,0.0,0.0
33590,133,0.0448,0.2143,0.898,0.6785,0.6678546071052551,0.21944759786128998,0.11269775032997131,15,28,0,0,0.0,0.0
26547,101,0.0643,0.3745,0.8684,0.6347,0.6413532495498657,0.22503893077373505,0.1336079090833664,7,40,1,0,0.3333333333333333,0.0
41364,675,0.0313,0.2039,1.0,0.8902,0.6828402280807495,0.22396144270896912,0.09319834411144257,77,31,0,0,0.0,0.0
22002,69,0.1207,0.2411,0.8011,0.5209,0.6055716276168823,0.2551434338092804,0.13928495347499847,85,81,0,0,0.0,0.0
1693,204,0.0535,0.2814,0.9193,0.7074,0.6611778736114502,0.2240380495786667,0.11478396505117416,87,21,0,0,0.0,0.0
7573,357,0.0349,0.2569,1.0,0.8711,0.6795657277107239,0.22314168512821198,0.09729260206222534,1,1,1,1,1.0,1.0
17455,49,0.1432,0.4121,0.6908,0.306,0.5648596286773682,0.24722039699554443,0.1879199892282486,62,47,0,0,0.0,0.0
11904,118,0.0704,0.2501,0.9012,0.6829,0.6498463153839111,0.23356465995311737,0.11658899486064911,9,37,1,0,0.3010299956639812,0.0
38133,133,0.0574,0.3111,0.9207,0.7093,0.6570806503295898,0.22571425139904022,0.11720514297485352,17,15,0,0,0.0,0.0
17725,30,0.1584,0.5358,0.6413,0.2119,0.5362957119941711,0.24340546131134033,0.22029878199100494,14,13,0,0,0.0,0.0
2395,46,0.1552,0.3701,0.726,0.376,0.5648991465568542,0.26143619418144226,0.17366467416286469,1,9,1,1,1.0,0.3010299956639812
7129,54,0.0888,0.2618,0.7414,0.4066,0.6183289289474487,0.22819571197032928,0.15347528457641602,47,53,0,0,0.0,0.0
39224,32,0.1869,0.4221,0.5829,0.1173,0.5177868008613586,0.25706180930137634,0.22515128552913666,74,39,0,0,0.0,0.0
28864,117,0.1084,0.151,0.8776,0.6488,0.6277602314949036,0.257315069437027,0.11492472141981125,1,1,1,1,1.0,1.0
22979,370,0.0266,0.1848,1.0,0.8688,0.6887099742889404,0.21936634182929993,0.09192372113466263,34,36,0,0,0.0,0.0
20891,89,0.0839,0.2141,0.8443,0.5962,0.6363626718521118,0.23823121190071106,0.12540613114833832,2,2,1,1,0.6309297535714575,0.6309297535714575
28999,26,0.2823,0.2787,0.5829,0.1173,0.467155784368515,0.3238614499568939,0.20898276567459106,39,60,0,0,0.0,0.0
33706,54,0.0845,0.3504,0.7522,0.4278,0.6155142784118652,0.224678635597229,0.15980705618858337,29,8,0,1,0.0,0.31546487678572877
7601,98,0.1284,0.3122,0.8399,0.589,0.5999560356140137,0.2622450590133667,0.13779890537261963,67,27,0,0,0.0,0.0
25613,36,0.1588,0.3124,0.6809,0.2865,0.5616114139556885,0.25861310958862305,0.17977555096149445,75,78,0,0,0.0,0.0
37886,175,0.0602,0.3678,0.9706,0.7686,0.6593151688575745,0.22772181034088135,0.11296302825212479,99,99,0,0,0.0,0.0
12669,75,0.1458,0.3016,0.7842,0.4895,0.5827537178993225,0.2666528820991516,0.15059341490268707,5,11,1,0,0.38685280723454163,0.0
17009,317,0.0143,0.2062,1.0,0.8645,0.6956011652946472,0.21167869865894318,0.09272010624408722,24,60,0,0,0.0,0.0
2759,37,0.2996,0.2951,0.6809,0.2865,0.46648067235946655,0.3516159951686859,0.18190336227416992,78,26,0,0,0.0,0.0
28991,111,0.1379,0.2759,0.8776,0.6488,0.6002619862556458,0.27280551195144653,0.12693247199058533,68,68,0,0,0.0,0.0
120,104,0.0648,0.3103,0.8567,0.6164,0.6438391208648682,0.22594054043293,0.13022033870220184,61,91,0,0,0.0,0.0
34243,152,0.028,0.2133,0.9358,0.7284,0.6833730936050415,0.21166057884693146,0.10496635735034943,73,50,0,0,0.0,0.0
35397,82,0.1148,0.3396,0.7451,0.4138,0.596092164516449,0.24127522110939026,0.16263268887996674,40,20,0,0,0.0,0.0
13099,59,0.0803,0.2842,0.7656,0.4541,0.6248494386672974,0.22589804232120514,0.1492525339126587,19,83,0,0,0.0,0.0
24168,81,0.1112,0.2784,0.8309,0.5738,0.6126704812049866,0.2516729235649109,0.13565655052661896,18,3,0,1,0.0,0.5
28650,183,0.0203,0.1632,0.975,0.7733,0.696331799030304,0.20901358127593994,0.09465466439723969,90,61,0,0,0.0,0.0
4569,73,0.2541,0.2309,0.809,0.5353,0.5132589340209961,0.3457283675670624,0.14101262390613556,1,9,1,1,1.0,0.3010299956639812
21942,209,0.1138,0.2399,0.9043,0.6873,0.6221585869789124,0.2603372633457184,0.11750420182943344,4,16,1,0,0.43067655807339306,0.0
20902,101,0.061,0.257,0.8684,0.6347,0.6512334942817688,0.2258816361427307,0.12288478761911392,65,61,0,0,0.0,0.0
8221,162,0.0775,0.156,0.9448,0.7393,0.6563562154769897,0.24158871173858643,0.10205507278442383,88,5,0,1,0.0,0.38685280723454163
20015,33,0.0954,0.3228,0.6649,0.2557,0.5992217659950256,0.21976850926876068,0.18100973963737488,17,5,0,1,0.0,0.38685280723454163
33439,199,0.1085,0.2325,0.9639,0.7613,0.6342270374298096,0.2596566081047058,0.10611633211374283,6,11,1,0,0.3562071871080222,0.0
20547,59,0.1215,0.4177,0.7178,0.3596,0.5820401906967163,0.2386152744293213,0.17934450507164001,12,14,0,0,0.0,0.0
27163,22,0.1281,0.4955,0.5649,0.0936,0.5433906316757202,0.21963375806808472,0.23697566986083984,41,31,0,0,0.0,0.0
21676,27,0.2188,0.2402,0.6283,0.1889,0.5202292799949646,0.290706068277359,0.18906456232070923,24,61,0,0,0.0,0.0
26722,118,0.074,0.2092,0.8931,0.6715,0.6489375233650208,0.2361103892326355,0.11495209485292435,47,46,0,0,0.0,0.0
19670,145,0.0975,0.2799,0.9249,0.7148,0.6334664821624756,0.25037506222724915,0.11615854501724243,71,9,0,1,0.0,0.3010299956639812
36478,101,0.2299,0.4992,0.8038,0.5258,0.5129773616790771,0.3169882595539093,0.17003439366817474,84,45,0,0,0.0,0.0
8428,42,0.1884,0.2877,0.6956,0.3154,0.5455145239830017,0.28018006682395935,0.17430531978607178,31,38,0,0,0.0,0.0
12773,37,0.2039,0.2125,0.6349,0.2005,0.5333902835845947,0.28339067101478577,0.1832190454006195,24,48,0,0,0.0,0.0
27927,82,0.0919,0.2686,0.8286,0.5698,0.6257668137550354,0.24012769758701324,0.13410550355911255,52,39,0,0,0.0,0.0
25156,66,0.1535,0.1371,0.79,0.5004,0.5890077352523804,0.2774032652378082,0.13358905911445618,8,9,1,1,0.31546487678572877,0.3010299956639812
11600,57,0.2086,0.406,0.7556,0.4346,0.5292866230010986,0.29870396852493286,0.1720093935728073,87,28,0,0,0.0,0.0
37428,25,0.2069,0.5551,0.5829,0.1173,0.4924068748950958,0.26218709349632263,0.24540607631206512,11,19,0,0,0.0,0.0
20041,48,0.3586,0.2559,0.726,0.376,0.43032771348953247,0.4058525860309601,0.16381962597370148,72,10,0,1,0.0,0.2890648263178879
27018,50,0.1197,0.289,0.726,0.376,0.5945656895637512,0.24301521480083466,0.1624191254377365,10,8,1,1,0.2890648263178879,0.31546487678572877
36011,81,0.1166,0.1849,0.8239,0.5616,0.6143803000450134,0.2567485272884369,0.1288711577653885,47,81,0,0,0.0,0.0
40,58,0.2055,0.3216,0.7048,0.3337,0.5323200821876526,0.29131871461868286,0.17636115849018097,29,10,0,1,0.0,0.2890648263178879
20226,40,0.1719,0.4523,0.7002,0.3247,0.5439627170562744,0.26420721411705017,0.19183003902435303,34,6,0,1,0.0,0.3562071871080222
19108,617,0.0151,0.1651,1.0,0.9279,0.6914988160133362,0.2192021608352661,0.08929901570081711,77,54,0,0,0.0,0.0
14050,129,0.0993,0.1813,0.8547,0.6132,0.6294671297073364,0.24916782975196838,0.1213650181889534,54,35,0,0,0.0,0.0
28566,36,0.3057,0.3845,0.6757,0.2765,0.45551908016204834,0.35011813044548035,0.1943628042936325,50,14,0,0,0.0,0.0
38095,227,0.0507,0.2615,1.0,0.8038,0.6754757761955261,0.2251327782869339,0.09939147531986237,32,36,0,0,0.0,0.0
21443,32,0.0806,0.3402,0.6593,0.2451,0.6059845685958862,0.2106330543756485,0.18338239192962646,13,5,0,1,0.0,0.38685280723454163
30759,19,0.2181,0.7235,0.545,0.0709,0.4595627784729004,0.25511351227760315,0.28532376885414124,5,28,1,0,0.38685280723454163,0.0
29354,356,0.0966,0.147,1.0,0.8797,0.6437291502952576,0.2636812627315521,0.09258962422609329,11,6,0,1,0.0,0.3562071871080222
29366,73,0.1366,0.2234,0.7842,0.4895,0.5943559408187866,0.26334404945373535,0.14229997992515564,20,69,0,0,0.0,0.0
14262,64,0.0788,0.3834,0.7842,0.4895,0.6205632090568542,0.22459761798381805,0.15483911335468292,7,9,1,1,0.3333333333333333,0.3010299956639812
33681,542,0.016,0.2149,1.0,0.9182,0.6893133521080017,0.2179267555475235,0.09275994449853897,46,30,0,0,0.0,0.0
31307,52,0.0828,0.3894,0.6349,0.2005,0.5960415601730347,0.20727232098579407,0.19668617844581604,77,46,0,0,0.0,0.0
11336,103,0.048,0.2797,0.8485,0.6031,0.6554226875305176,0.2165634036064148,0.1280139684677124,56,47,0,0,0.0,0.0
5615,59,0.0825,0.286,0.772,0.4664,0.6240676641464233,0.227873757481575,0.14805853366851807,25,14,0,0,0.0,0.0
18879,25,0.0741,0.4421,0.607,0.1534,0.5908235907554626,0.19811555743217468,0.21106085181236267,70,61,0,0,0.0,0.0
33964,48,0.1273,0.3023,0.726,0.376,0.588579535484314,0.24705354869365692,0.16436690092086792,57,6,0,1,0.0,0.3562071871080222
22257,47,0.172,0.3693,0.7219,0.3679,0.5532629489898682,0.27112942934036255,0.17560766637325287,43,62,0,0,0.0,0.0
6178,27,0.1494,0.4003,0.6283,0.1889,0.5523203611373901,0.2420807182788849,0.20559890568256378,13,31,0,0,0.0,0.0
15652,33,0.2836,0.3861,0.6649,0.2557,0.46946388483047485,0.33269771933555603,0.19783836603164673,78,55,0,0,0.0,0.0
20652,23,0.2701,0.4165,0.5993,0.1413,0.46700629591941833,0.3106216788291931,0.22237201035022736,46,10,0,1,0.0,0.2890648263178879
14983,19,0.1769,0.3692,0.5649,0.0936,0.52531898021698,0.25187644362449646,0.2228044867515564,55,6,0,1,0.0,0.3562071871080222
13240,70,0.0505,0.3225,0.7871,0.495,0.6432099342346191,0.2110476940870285,0.14574234187602997,7,11,1,0,0.3333333333333333,0.0
9790,52,0.1473,0.4194,0.7451,0.4138,0.5685469508171082,0.25784972310066223,0.17360331118106842,8,12,1,0,0.31546487678572877,0.0
1508,147,0.0399,0.2659,0.941,0.7348,0.6736882328987122,0.21746554970741272,0.1088462620973587,90,9,0,1,0.0,0.3010299956639812
2851,50,0.1043,0.2216,0.7338,0.3916,0.6105427742004395,0.23718997836112976,0.15226727724075317,12,16,0,0,0.0,0.0
16320,42,0.0992,0.3201,0.7048,0.3337,0.6026360988616943,0.22733770310878754,0.17002621293067932,22,18,0,0,0.0,0.0
31448,37,0.1841,0.4149,0.6859,0.2963,0.5371336340904236,0.27075108885765076,0.19211533665657043,33,17,0,0,0.0,0.0
4736,68,0.0711,0.3289,0.7956,0.5109,0.630936861038208,0.22310864925384521,0.14595447480678558,30,9,0,1,0.0,0.3010299956639812
30176,77,0.0299,0.2602,0.8191,0.5532,0.6642478704452515,0.20468829572200775,0.1310638189315796,28,44,0,0,0.0,0.0
27586,85,0.1264,0.2565,0.8355,0.5815,0.6044530868530273,0.26211073994636536,0.1334361582994461,23,15,0,0,0.0,0.0
37830,782,0.0461,0.2048,1.0,0.9243,0.6701454520225525,0.23626825213432312,0.0935862809419632,61,56,0,0,0.0,0.0
12961,39,0.3424,0.4366,0.6908,0.306,0.4280262887477875,0.37618744373321533,0.1957862824201584,21,31,0,0,0.0,0.0
25505,48,0.0858,0.3607,0.7338,0.3916,0.6115249991416931,0.22267623245716095,0.16579875349998474,39,28,0,0,0.0,0.0
32611,26,0.6271,0.3613,0.6215,0.1771,0.24528808891773224,0.5712839365005493,0.18342803418636322,21,5,0,1,0.0,0.38685280723454163
26542,20,0.1637,0.4628,0.5741,0.1054,0.5267356634140015,0.24108554422855377,0.23217880725860596,25,20,0,0,0.0,0.0
16276,97,0.068,0.2539,0.8309,0.5738,0.6424111723899841,0.22685964405536652,0.13072913885116577,10,14,1,0,0.2890648263178879,0.0
9805,23,0.1679,0.3769,0.5993,0.1413,0.5373838543891907,0.24994617700576782,0.2126699835062027,69,8,0,1,0.0,0.31546487678572877
378,41,0.1401,0.467,0.7048,0.3337,0.5641127228736877,0.2455565184354782,0.19033069908618927,93,9,0,1,0.0,0.3010299956639812
7003,302,0.0181,0.1558,1.0,0.8581,0.6963972449302673,0.2139352411031723,0.08966758847236633,88,8,0,1,0.0,0.31546487678572877
28228,85,0.1359,0.2148,0.8399,0.589,0.6011056303977966,0.26973599195480347,0.12915842235088348,88,23,0,0,0.0,0.0
14576,19,0.3567,0.3958,0.5649,0.0936,0.4053487479686737,0.3646656274795532,0.22998563945293427,54,30,0,0,0.0,0.0
11733,19,0.2145,0.3779,0.545,0.0709,0.49590247869491577,0.2718396484851837,0.2322578877210617,5,15,1,0,0.38685280723454163,0.0
34133,25,0.3865,0.4063,0.6144,0.1653,0.39226922392845154,0.3930360674858093,0.2146947681903839,12,10,0,1,0.0,0.2890648263178879
30739,48,0.2257,0.3585,0.73,0.3839,0.5183050632476807,0.3074760138988495,0.17421896755695343,83,70,0,0,0.0,0.0
3086,32,0.2071,0.3895,0.6349,0.2005,0.5168119668960571,0.27767521142959595,0.20551276206970215,43,36,0,0,0.0,0.0
36696,37,0.1042,0.365,0.6859,0.2963,0.5931363105773926,0.2260434478521347,0.18082022666931152,12,27,0,0,0.0,0.0
16580,23,0.1679,0.4755,0.5993,0.1413,0.5281648635864258,0.245658278465271,0.226176917552948,64,9,0,1,0.0,0.3010299956639812
7963,39,0.2464,0.4103,0.6757,0.2765,0.4942994713783264,0.30871686339378357,0.19698360562324524,23,61,0,0,0.0,0.0
30257,216,0.0538,0.1739,1.0,0.8071,0.6777719855308533,0.22881503403186798,0.09341294318437576,31,49,0,0,0.0,0.0
8851,203,0.0588,0.2369,1.0,0.7985,0.6721199154853821,0.22972427308559418,0.09815576672554016,30,26,0,0,0.0,0.0
30740,31,0.0712,0.4804,0.6283,0.1889,0.5930126905441284,0.19768182933330536,0.20930549502372742,13,1,0,1,0.0,1.0
34988,22,0.2071,0.5097,0.5912,0.1293,0.4983179271221161,0.265669047832489,0.23601309955120087,38,5,0,1,0.0,0.38685280723454163
36800,209,0.0167,0.1957,1.0,0.8003,0.7003105282783508,0.206788569688797,0.09290085732936859,73,45,0,0,0.0,0.0
39158,33,0.2894,0.3644,0.607,0.1534,0.4595441520214081,0.3273788392543793,0.21307708323001862,65,66,0,0,0.0,0.0
21116,39,0.1522,0.4962,0.6956,0.3154,0.5524685382843018,0.24998465180397034,0.1975467950105667,12,23,0,0,0.0,0.0
29407,18,0.3044,0.4926,0.5552,0.0821,0.4298151731491089,0.32227277755737305,0.24791210889816284,45,43,0,0,0.0,0.0
33279,71,0.1428,0.2409,0.7928,0.5057,0.5898380875587463,0.26783496141433716,0.1423269659280777,9,37,1,0,0.3010299956639812,0.0
28347,29,0.1492,0.5178,0.6413,0.2119,0.543821394443512,0.23900006711483002,0.2171785682439804,27,10,0,1,0.0,0.2890648263178879
36010,63,0.1255,0.4424,0.7414,0.4066,0.5804982781410217,0.24359813332557678,0.1759035587310791,85,46,0,0,0.0,0.0
29597,127,0.0879,0.2906,0.9059,0.6894,0.6366119980812073,0.24329467117786407,0.12009335309267044,52,94,0,0,0.0,0.0
10607,337,0.0304,0.2132,1.0,0.8711,0.6846744418144226,0.22130602598190308,0.09401952475309372,87,11,0,0,0.0,0.0
31410,125,0.1059,0.2849,0.9089,0.6936,0.6254073977470398,0.2545853853225708,0.12000726163387299,71,2,0,1,0.0,0.6309297535714575
29849,21,0.2069,0.3684,0.5829,0.1173,0.509763240814209,0.2714286744594574,0.2188081592321396,59,54,0,0,0.0,0.0
17304,95,0.1289,0.3465,0.8399,0.589,0.5973283648490906,0.2615537941455841,0.14111793041229248,23,47,0,0,0.0,0.0
16452,28,0.2172,0.3791,0.6349,0.2005,0.5109868049621582,0.28442418575286865,0.20458893477916718,73,27,0,0,0.0,0.0
18474,26,0.2018,0.4083,0.6215,0.1771,0.5165494084358215,0.2715303301811218,0.21192023158073425,9,16,1,0,0.3010299956639812,0.0
34339,65,0.1829,0.2359,0.7842,0.4895,0.5617231130599976,0.2926689386367798,0.14560799300670624,46,7,0,1,0.0,0.3333333333333333
32034,21,0.134,0.3533,0.5649,0.0936,0.553925633430481,0.2285633534193039,0.21751099824905396,11,60,0,0,0.0,0.0
15938,76,0.1154,0.2054,0.8166,0.5488,0.6131057739257812,0.254673033952713,0.13222123682498932,37,6,0,1,0.0,0.3562071871080222
18315,132,0.0802,0.2507,0.9193,0.7074,0.6458470821380615,0.24028019607067108,0.11387276649475098,62,41,0,0,0.0,0.0
29217,46,0.0696,0.2913,0.726,0.376,0.6262322068214417,0.21479076147079468,0.15897712111473083,47,27,0,0,0.0,0.0
5087,24,0.1912,0.4859,0.5993,0.1413,0.5123463869094849,0.25854867696762085,0.2291048914194107,15,5,0,1,0.0,0.38685280723454163
19025,25,0.1058,0.5461,0.6144,0.1653,0.5627878904342651,0.21111559867858887,0.2260964810848236,12,35,0,0,0.0,0.0
15622,96,0.0444,0.3376,0.8607,0.6227,0.6553133130073547,0.21424420177936554,0.13044248521327972,8,30,1,0,0.31546487678572877,0.0
18094,34,0.1795,0.4349,0.6704,0.2662,0.5363754034042358,0.264549195766449,0.19907532632350922,42,47,0,0,0.0,0.0
22307,21,0.14,0.552,0.5829,0.1173,0.534477949142456,0.225178524851799,0.2403435856103897,21,24,0,0,0.0,0.0
21263,42,0.3638,0.3582,0.6349,0.2005,0.4131563603878021,0.38415616750717163,0.20268745720386505,92,24,0,0,0.0,0.0
35485,29,0.2394,0.4446,0.6413,0.2119,0.4916815757751465,0.2963005602359772,0.21201781928539276,26,12,0,0,0.0,0.0
5265,62,0.3218,0.3519,0.6859,0.2963,0.44756487011909485,0.36530202627182007,0.18713316321372986,12,9,0,1,0.0,0.3010299956639812
9178,57,0.1428,0.239,0.7656,0.4541,0.5872179269790649,0.26420333981513977,0.14857874810695648,8,7,1,1,0.31546487678572877,0.3333333333333333
10029,36,0.0569,0.4779,0.6809,0.2865,0.6112566590309143,0.19703669846057892,0.1917065978050232,4,27,1,0,0.43067655807339306,0.0
15419,43,0.2038,0.3763,0.6593,0.2451,0.5236466526985168,0.2801373600959778,0.19621600210666656,75,51,0,0,0.0,0.0
25435,22,0.1321,0.4113,0.545,0.0709,0.5446795225143433,0.22377264499664307,0.23154786229133606,49,77,0,0,0.0,0.0
10152,33,0.2327,0.4378,0.6649,0.2557,0.5000112652778625,0.2965226471424103,0.20346614718437195,29,20,0,0,0.0,0.0
14286,66,0.0763,0.3584,0.79,0.5004,0.6247727870941162,0.22457754611968994,0.15064966678619385,19,34,0,0,0.0,0.0
4182,20,0.2996,0.5814,0.5649,0.0936,0.4271974563598633,0.31470298767089844,0.2580995559692383,73,86,0,0,0.0,0.0
27608,71,0.0361,0.2895,0.8064,0.5306,0.6568427085876465,0.2061445415019989,0.13701269030570984,7,47,1,0,0.3333333333333333,0.0
27106,124,0.0476,0.2123,0.9089,0.6936,0.667631208896637,0.221609964966774,0.11075881123542786,21,23,0,0,0.0,0.0
21987,44,0.0725,0.3132,0.7136,0.3512,0.6210769414901733,0.21413099765777588,0.1647919863462448,78,47,0,0,0.0,0.0
35668,21,0.3694,0.4892,0.5741,0.1054,0.3916681706905365,0.3682705760002136,0.2400612235069275,84,5,0,1,0.0,0.38685280723454163
30835,962,0.0176,0.1967,1.0,0.9523,0.6861346364021301,0.22264906764030457,0.09121622890233994,23,15,0,0,0.0,0.0
27674,25,0.2896,0.5984,0.6144,0.1653,0.44137224555015564,0.31503748893737793,0.24359028041362762,9,26,1,0,0.3010299956639812,0.0
4054,475,0.0247,0.1304,1.0,0.9079,0.6890175342559814,0.2231847196817398,0.08779773861169815,71,5,0,1,0.0,0.38685280723454163
13801,25,0.33,0.6297,0.5993,0.1413,0.41015884280204773,0.33644258975982666,0.2533985376358032,82,23,0,0,0.0,0.0
27906,163,0.1036,0.2505,0.9582,0.7548,0.6357488632202148,0.2560228407382965,0.10822827368974686,11,15,0,0,0.0,0.0
25874,46,0.1133,0.3349,0.7002,0.3247,0.5918328762054443,0.234153613448143,0.17401359975337982,98,38,0,0,0.0,0.0
38389,54,0.175,0.1878,0.7556,0.4346,0.5677775740623474,0.28487566113471985,0.14734674990177155,2,7,1,1,0.6309297535714575,0.3333333333333333
1183,47,0.0565,0.2766,0.726,0.376,0.6354730129241943,0.208192378282547,0.15633459389209747,92,14,0,0,0.0,0.0
37834,190,0.1552,0.2057,0.9844,0.783,0.6061475276947021,0.2912396490573883,0.10261277854442596,10,22,1,0,0.2890648263178879,0.0
25229,78,0.1366,0.2034,0.8239,0.5616,0.5996755957603455,0.26877424120903015,0.1315501183271408,44,47,0,0,0.0,0.0
31581,92,0.0763,0.357,0.8485,0.6031,0.6322686672210693,0.23066522181034088,0.13706611096858978,93,11,0,0,0.0,0.0
392,19,0.0942,0.4062,0.5649,0.0936,0.5731066465377808,0.2057279795408249,0.22116538882255554,18,20,0,0,0.0,0.0
23338,700,0.0424,0.1684,1.0,0.87,0.6794574856758118,0.2288890928030014,0.09165334701538086,20,62,0,0,0.0,0.0
19866,171,0.0307,0.2491,0.9662,0.7638,0.6840122938156128,0.21321238577365875,0.10277528315782547,44,13,0,0,0.0,0.0
25897,744,0.054,0.1972,1.0,0.911,0.6666555404663086,0.23970676958560944,0.09363764524459839,8,23,1,0,0.31546487678572877,0.0
27859,21,0.1862,0.4256,0.5741,0.1054,0.5160627961158752,0.25555339455604553,0.22838377952575684,60,2,0,1,0.0,0.6309297535714575
35385,174,0.0551,0.3003,0.9616,0.7588,0.6651367545127869,0.22596624493598938,0.10889691114425659,42,24,0,0,0.0,0.0
35874,169,0.0709,0.2306,0.9662,0.7638,0.6596091985702515,0.23666852712631226,0.1037222370505333,4,33,1,0,0.43067655807339306,0.0
14693,114,0.0748,0.1721,0.8931,0.6715,0.6506066918373108,0.2373814880847931,0.11201181262731552,66,32,0,0,0.0,0.0
32263,55,0.0481,0.2378,0.7556,0.4346,0.6472123861312866,0.2082725614309311,0.1445150375366211,3,2,1,1,0.5,0.6309297535714575
14622,21,0.0915,0.4161,0.5741,0.1054,0.5758597254753113,0.20471465587615967,0.21942557394504547,50,28,0,0,0.0,0.0
18159,24,0.255,0.4019,0.607,0.1534,0.47953546047210693,0.30286914110183716,0.21759527921676636,1,2,1,1,1.0,0.6309297535714575
28971,22,0.3709,0.401,0.5912,0.1293,0.3998507857322693,0.3781929016113281,0.221956267952919,14,7,0,1,0.0,0.3333333333333333
40536,392,0.0477,0.238,1.0,0.8665,0.6728515625,0.2304232269525528,0.09672518074512482,3,5,1,1,0.5,0.38685280723454163
1789,110,0.0892,0.2834,0.8829,0.6567,0.6331853270530701,0.2427922487258911,0.12402239441871643,24,35,0,0,0.0,0.0
25842,64,0.0887,0.3736,0.7871,0.495,0.6153792142868042,0.23080003261566162,0.1538207083940506,9,16,1,0,0.3010299956639812,0.0
22327,63,0.0821,0.2712,0.7624,0.4477,0.6243202686309814,0.22684262692928314,0.1488371193408966,33,46,0,0,0.0,0.0
26846,304,0.0267,0.1939,1.0,0.8585,0.6891162395477295,0.2182198315858841,0.09266389161348343,93,47,0,0,0.0,0.0
11015,25,0.2621,0.4999,0.6144,0.1653,0.46778562664985657,0.303251713514328,0.228962704539299,27,49,0,0,0.0,0.0
30939,552,0.0522,0.1884,1.0,0.9162,0.6677698493003845,0.23934514820575714,0.09288503229618073,53,38,0,0,0.0,0.0
8448,45,0.1663,0.2674,0.7092,0.3425,0.5634711980819702,0.2693062424659729,0.16722247004508972,15,34,0,0,0.0,0.0
41261,131,0.1414,0.172,0.9178,0.7055,0.6086795330047607,0.28056207299232483,0.11075837910175323,6,8,1,1,0.3562071871080222,0.31546487678572877
1645,368,0.0264,0.1601,1.0,0.8822,0.6888542175292969,0.22102871537208557,0.09011697769165039,43,14,0,0,0.0,0.0
26190,18,0.3672,0.4768,0.545,0.0709,0.3886728584766388,0.3635878562927246,0.2477393001317978,25,79,0,0,0.0,0.0
38963,40,0.1411,0.3981,0.7002,0.3247,0.5686617493629456,0.24797770380973816,0.18336063623428345,19,49,0,0,0.0,0.0
37145,40,0.1259,0.3185,0.6956,0.3154,0.5844936370849609,0.2412174493074417,0.17428900301456451,48,53,0,0,0.0,0.0
1665,74,0.0774,0.25,0.8038,0.5258,0.6335572004318237,0.22957578301429749,0.13686694204807281,17,15,0,0,0.0,0.0
5552,67,0.1885,0.226,0.7842,0.4895,0.5584490299224854,0.2967221736907959,0.14482879638671875,77,81,0,0,0.0,0.0
28470,29,0.1795,0.4148,0.6349,0.2005,0.5327253341674805,0.25986936688423157,0.20740532875061035,79,76,0,0,0.0,0.0
8992,21,0.1289,0.4448,0.5829,0.1173,0.5521326661109924,0.2237526923418045,0.2241145670413971,58,78,0,0,0.0,0.0
30556,316,0.0394,0.2182,1.0,0.8251,0.6829502582550049,0.22161130607128143,0.0954383909702301,32,33,0,0,0.0,0.0
12115,22,0.2439,0.583,0.5912,0.1293,0.4679145812988281,0.2837514579296112,0.24833402037620544,33,10,0,1,0.0,0.2890648263178879
3088,44,0.1268,0.2989,0.7178,0.3596,0.588210940361023,0.24566003680229187,0.1661289930343628,51,75,0,0,0.0,0.0
17377,98,0.101,0.4096,0.8645,0.6288,0.6147105097770691,0.24515102803707123,0.1401384025812149,55,2,0,1,0.0,0.6309297535714575
39729,103,0.216,0.2705,0.8758,0.646,0.5450509190559387,0.32550641894340515,0.12944269180297852,9,12,1,0,0.3010299956639812,0.0
21754,82,0.1006,0.3992,0.8286,0.5698,0.611011266708374,0.24171477556228638,0.1472739279270172,74,62,0,0,0.0,0.0
14145,67,0.1402,0.4001,0.7928,0.5057,0.5803914666175842,0.2611580789089203,0.15845045447349548,50,49,0,0,0.0,0.0
30145,26,0.2634,0.3036,0.607,0.1534,0.48188191652297974,0.31343188881874084,0.2046862095594406,59,53,0,0,0.0,0.0
21732,185,0.0897,0.1493,0.9781,0.7766,0.6532325148582458,0.24986135959625244,0.09690607339143753,2,13,1,0,0.6309297535714575,0.0
22405,21,0.2091,0.3819,0.5741,0.1054,0.5053560137748718,0.2711348235607147,0.22350911796092987,90,32,0,0,0.0,0.0
39161,46,0.1016,0.3655,0.726,0.376,0.6001421213150024,0.23023706674575806,0.1696208268404007,2,5,1,1,0.6309297535714575,0.38685280723454163
18521,32,0.1958,0.3836,0.5649,0.0936,0.5118632912635803,0.2622086703777313,0.22592805325984955,19,36,0,0,0.0,0.0
27989,30,0.0727,0.5547,0.6475,0.2231,0.5884085297584534,0.1981995701789856,0.21339191496372223,93,16,0,0,0.0,0.0
16802,73,0.0512,0.2904,0.8064,0.5306,0.6475009322166443,0.21424135565757751,0.138257697224617,4,1,1,1,0.43067655807339306,1.0
5382,38,0.1181,0.4479,0.6908,0.306,0.5778480768203735,0.23163525760173798,0.19051672518253326,66,95,0,0,0.0,0.0
31130,92,0.0523,0.2523,0.8547,0.6132,0.6553165316581726,0.22005364298820496,0.12462975829839706,50,93,0,0,0.0,0.0
1176,112,0.1265,0.1857,0.8914,0.6691,0.6150596737861633,0.2689034342765808,0.11603691428899765,10,62,1,0,0.2890648263178879,0.0
40953,27,0.2316,0.2516,0.6215,0.1771,0.5097050666809082,0.2973872721195221,0.19290758669376373,25,26,0,0,0.0,0.0
3255,225,0.0981,0.2612,1.0,0.815,0.6434838771820068,0.25487926602363586,0.1016368418931961,62,33,0,0,0.0,0.0
23253,148,0.1054,0.2459,0.9345,0.7268,0.6314666867256165,0.2564588487148285,0.11207453906536102,49,8,0,1,0.0,0.31546487678572877
14957,262,0.0997,0.2723,1.0,0.8119,0.6421303153038025,0.25529614090919495,0.10257355123758316,86,72,0,0,0.0,0.0
4476,198,0.1277,0.211,0.9318,0.7234,0.617859959602356,0.2713351547718048,0.11080487072467804,70,50,0,0,0.0,0.0
2519,384,0.0455,0.2036,1.0,0.8872,0.6740955710411072,0.23194141685962677,0.09396296739578247,99,22,0,0,0.0,0.0
1927,56,0.1657,0.302,0.7624,0.4477,0.5669457912445068,0.27601540088653564,0.15703874826431274,6,30,1,0,0.3562071871080222,0.0
16459,44,0.2304,0.5173,0.7178,0.3596,0.5017377734184265,0.301129549741745,0.19713260233402252,42,42,0,0,0.0,0.0
13254,24,0.1503,0.3808,0.5912,0.1293,0.5466458797454834,0.23889264464378357,0.21446149051189423,70,63,0,0,0.0,0.0
1231,21,0.2221,0.4676,0.5741,0.1054,0.4891190528869629,0.27463939785957336,0.23624159395694733,77,94,0,0,0.0,0.0
10123,239,0.0315,0.2224,1.0,0.8063,0.6893393397331238,0.2151438295841217,0.0955168604850769,48,8,0,1,0.0,0.31546487678572877
15892,100,0.1408,0.2037,0.8665,0.6318,0.601316511631012,0.27570855617523193,0.12297491729259491,69,25,0,0,0.0,0.0
8344,61,0.0559,0.3664,0.7782,0.4782,0.6354036331176758,0.21183621883392334,0.15276019275188446,15,18,0,0,0.0,0.0
31327,29,0.1738,0.2755,0.6349,0.2005,0.5484011173248291,0.26223209500312805,0.18936681747436523,1,2,1,1,1.0,0.6309297535714575
7515,39,0.159,0.4072,0.6809,0.2865,0.553636908531189,0.2551195025444031,0.19124361872673035,56,14,0,0,0.0,0.0
37111,248,0.0353,0.2628,0.9874,0.7861,0.6835878491401672,0.21576464176177979,0.10064749419689178,3,21,1,0,0.5,0.0
14533,40,0.2002,0.3127,0.6809,0.2865,0.5339080095291138,0.2841910123825073,0.1819009929895401,28,76,0,0,0.0,0.0
30761,72,0.1562,0.4694,0.7624,0.4477,0.5608122944831848,0.2641003727912903,0.17508739233016968,10,17,1,0,0.2890648263178879,0.0
17116,64,0.1327,0.3071,0.7842,0.4895,0.5911654829978943,0.25837936997413635,0.15045514702796936,58,34,0,0,0.0,0.0
24482,33,0.3141,0.3336,0.6649,0.2557,0.452179878950119,0.3565495014190674,0.19127057492733002,77,31,0,0,0.0,0.0
11187,23,0.2777,0.6238,0.5912,0.1293,0.4425908327102661,0.30210018157958984,0.25530901551246643,24,5,0,1,0.0,0.38685280723454163
41056,261,0.0643,0.1491,1.0,0.8111,0.6718899011611938,0.23588573932647705,0.09222428500652313,55,44,0,0,0.0,0.0
10927,320,0.0244,0.2122,1.0,0.8657,0.6889576315879822,0.2173573523759842,0.09368506819009781,25,13,0,0,0.0,0.0
20687,150,0.046,0.3469,0.9345,0.7268,0.6640493869781494,0.21906740963459015,0.11688324809074402,23,3,0,1,0.0,0.5
39997,162,0.1012,0.2219,0.9534,0.7494,0.638239860534668,0.25502899289131165,0.10673116892576218,85,92,0,0,0.0,0.0
38000,28,0.1003,0.2912,0.6215,0.1771,0.5919601321220398,0.21813024580478668,0.18990963697433472,20,5,0,1,0.0,0.38685280723454163
1580,74,0.0927,0.2438,0.8116,0.5399,0.6249893307685852,0.239460289478302,0.135550394654274,29,24,0,0,0.0,0.0
20773,100,0.0662,0.292,0.8626,0.6258,0.6449112296104431,0.22763779759407043,0.12745097279548645,3,14,1,0,0.5,0.0
37838,199,0.1021,0.1847,0.9943,0.793,0.6454827189445496,0.25704506039619446,0.09747221320867538,54,15,0,0,0.0,0.0
24945,38,0.0974,0.3577,0.6908,0.306,0.5987262725830078,0.22323109209537506,0.1780427247285843,43,18,0,0,0.0,0.0
26344,36,0.0852,0.4035,0.6809,0.2865,0.600878894329071,0.21385888755321503,0.1852622628211975,52,13,0,0,0.0,0.0
13191,80,0.0604,0.3154,0.8263,0.5657,0.6424435973167419,0.2206553816795349,0.13690099120140076,51,30,0,0,0.0,0.0
4982,301,0.0264,0.1864,1.0,0.8581,0.6897212266921997,0.21812985837459564,0.09214895963668823,41,10,0,1,0.0,0.2890648263178879
38970,28,0.0652,0.5052,0.6283,0.1889,0.5940980315208435,0.193928062915802,0.21197393536567688,8,10,1,1,0.31546487678572877,0.2890648263178879
16204,18,0.1782,0.4652,0.5552,0.0821,0.5130733251571655,0.24733945727348328,0.23958727717399597,38,58,0,0,0.0,0.0
6700,34,0.1653,0.3508,0.6649,0.2557,0.5520352721214294,0.25857993960380554,0.1893848031759262,31,13,0,0,0.0,0.0
20082,20,0.2631,0.522,0.5741,0.1054,0.45774582028388977,0.2966838479042053,0.24557025730609894,10,2,1,1,0.2890648263178879,0.6309297535714575
7933,89,0.0931,0.2177,0.8464,0.5997,0.6303569674491882,0.2438075691461563,0.12583547830581665,16,63,0,0,0.0,0.0
37246,27,0.2501,0.3075,0.6283,0.1889,0.49371397495269775,0.3078305125236511,0.1984556019306183,50,3,0,1,0.0,0.5
2572,45,0.0707,0.3289,0.7136,0.3512,0.6208981275558472,0.2127249389886856,0.1663769632577896,37,3,0,1,0.0,0.5
23068,72,0.1324,0.189,0.809,0.5353,0.6019347906112671,0.2648257613182068,0.1332394927740097,41,38,0,0,0.0,0.0
35069,42,0.1832,0.3612,0.7092,0.3425,0.544906735420227,0.27630287408828735,0.17879031598567963,98,86,0,0,0.0,0.0
28448,28,0.0936,0.5697,0.6349,0.2005,0.5718995928764343,0.20653842389583588,0.221561998128891,30,7,0,1,0.0,0.3333333333333333
24606,198,0.0369,0.3112,0.9933,0.792,0.6808150410652161,0.21584133803844452,0.10334362834692001,3,11,1,0,0.5,0.0
4506,28,0.1723,0.3928,0.6349,0.2005,0.5393454432487488,0.25655147433280945,0.20410309731960297,21,22,0,0,0.0,0.0
33347,30,0.1841,0.6022,0.6475,0.2231,0.5147542357444763,0.2560678720474243,0.22917790710926056,60,68,0,0,0.0,0.0
22649,194,0.0857,0.1565,0.9923,0.7911,0.6575701832771301,0.24736487865447998,0.09506495296955109,85,14,0,0,0.0,0.0
776,83,0.1174,0.3529,0.8309,0.5738,0.6034989953041077,0.253343790769577,0.1431572139263153,61,55,0,0,0.0,0.0
27905,81,0.0918,0.3286,0.8286,0.5698,0.6217324733734131,0.2384960800409317,0.1397714912891388,6,13,1,0,0.3562071871080222,0.0
32395,19,0.255,0.3485,0.5649,0.0936,0.47636842727661133,0.3002076745033264,0.2234238237142563,70,95,0,0,0.0,0.0
6934,47,0.1463,0.3699,0.7178,0.3596,0.5698171854019165,0.2547871470451355,0.1753956824541092,53,6,0,1,0.0,0.3562071871080222
28803,85,0.1058,0.1789,0.8215,0.5574,0.6217190623283386,0.250027596950531,0.1282532960176468,44,52,0,0,0.0,0.0
24037,238,0.0392,0.2845,1.0,0.8209,0.6799205541610718,0.21991895139217377,0.10016060620546341,41,22,0,0,0.0,0.0
30445,218,0.1162,0.2027,1.0,0.8104,0.6346352696418762,0.2670760452747345,0.09828873723745346,9,76,1,0,0.3010299956639812,0.0
10161,33,0.0611,0.3998,0.6593,0.2451,0.6124056577682495,0.19882160425186157,0.18877273797988892,73,76,0,0,0.0,0.0
28952,85,0.165,0.1903,0.7656,0.4541,0.5754169821739197,0.2798119783401489,0.14477111399173737,9,10,1,1,0.3010299956639812,0.2890648263178879
11747,45,0.1515,0.47,0.7178,0.3596,0.5582113862037659,0.25418204069137573,0.18760649859905243,58,12,0,0,0.0,0.0
34376,18,0.2847,0.6233,0.4976,0.0314,0.41657647490501404,0.2961372435092926,0.28728625178337097,31,53,0,0,0.0,0.0
18006,22,0.1991,0.6612,0.5912,0.1293,0.4885963499546051,0.2532936930656433,0.2581099569797516,10,9,1,1,0.2890648263178879,0.3010299956639812
35377,48,0.049,0.2681,0.726,0.376,0.640720784664154,0.20447318255901337,0.1548060178756714,25,25,0,0,0.0,0.0
31988,509,0.019,0.1688,1.0,0.9131,0.6902300119400024,0.21984609961509705,0.08992389589548111,54,38,0,0,0.0,0.0
30750,25,0.1186,0.4618,0.5993,0.1413,0.5602948069572449,0.21930117905139923,0.22040396928787231,29,4,0,1,0.0,0.43067655807339306
28957,141,0.0491,0.1982,0.9318,0.7234,0.6705545783042908,0.22365351021289825,0.10579191148281097,75,51,0,0,0.0,0.0
17912,400,0.0532,0.2604,1.0,0.8707,0.6677526235580444,0.23370994627475739,0.09853745996952057,8,10,1,1,0.31546487678572877,0.2890648263178879
21446,133,0.0862,0.2163,0.9207,0.7093,0.6440865993499756,0.24471545219421387,0.11119797825813293,15,26,0,0,0.0,0.0
16380,22,0.3202,0.5274,0.5912,0.1293,0.4235071539878845,0.33543676137924194,0.24105605483055115,6,12,1,0,0.3562071871080222,0.0
5758,370,0.0265,0.2081,1.0,0.884,0.6862068176269531,0.220494344830513,0.09329886734485626,14,15,0,0,0.0,0.0
18555,18,0.2426,0.6696,0.5342,0.0601,0.447395384311676,0.27118080854415894,0.28142380714416504,28,2,0,1,0.0,0.6309297535714575
29901,32,0.1293,0.3232,0.6593,0.2451,0.5769213438034058,0.23779737949371338,0.18528126180171967,38,25,0,0,0.0,0.0
16265,25,0.1636,0.5796,0.5993,0.1413,0.5206709504127502,0.23855532705783844,0.24077364802360535,41,35,0,0,0.0,0.0
30743,452,0.0544,0.1607,1.0,0.9015,0.6691102385520935,0.23955708742141724,0.09133259952068329,39,82,0,0,0.0,0.0
37470,151,0.105,0.2726,0.8963,0.6762,0.6250980496406555,0.2535678744316101,0.12133406102657318,27,19,0,0,0.0,0.0
40515,48,0.2282,0.2986,0.73,0.3839,0.520818293094635,0.31168225407600403,0.16749946773052216,38,34,0,0,0.0,0.0
22343,159,0.0937,0.2528,0.9119,0.6977,0.6358411908149719,0.24802803993225098,0.11613088101148605,7,14,1,0,0.3333333333333333,0.0
1765,54,0.1101,0.2855,0.7522,0.4278,0.6040882468223572,0.2411775141954422,0.15473425388336182,33,77,0,0,0.0,0.0
32595,115,0.1113,0.1859,0.8931,0.6715,0.6256045699119568,0.25936374068260193,0.11503167450428009,21,22,0,0,0.0,0.0
21607,262,0.0309,0.1991,1.0,0.8376,0.6881210803985596,0.21837587654590607,0.09350302815437317,48,3,0,1,0.0,0.5
12125,18,0.1655,0.7136,0.5106,0.0402,0.48272058367729187,0.22494837641716003,0.2923310697078705,56,56,0,0,0.0,0.0
32219,37,0.084,0.3811,0.6859,0.2963,0.6043481826782227,0.21459519863128662,0.18105655908584595,14,2,0,1,0.0,0.6309297535714575
14181,183,0.0421,0.2271,0.9371,0.73,0.674024224281311,0.21930842101573944,0.10666733980178833,78,70,0,0,0.0,0.0
23595,55,0.1844,0.355,0.759,0.4412,0.5499956011772156,0.2855375111103058,0.16446688771247864,55,15,0,0,0.0,0.0
17248,168,0.1132,0.2161,0.8355,0.5815,0.6159157156944275,0.2550228536128998,0.1290615051984787,65,21,0,0,0.0,0.0
22603,83,0.1214,0.2597,0.7048,0.3337,0.5932428240776062,0.24187637865543365,0.16488079726696014,53,86,0,0,0.0,0.0
18597,103,0.0694,0.2245,0.8443,0.5962,0.6450459361076355,0.22953246533870697,0.12542156875133514,64,78,0,0,0.0,0.0
18412,18,0.204,0.6436,0.5552,0.0821,0.47904545068740845,0.25275951623916626,0.2681950330734253,81,39,0,0,0.0,0.0
36591,22,0.4264,0.5698,0.5912,0.1293,0.35221999883651733,0.4045676290988922,0.24321235716342926,86,76,0,0,0.0,0.0
633,31,0.2256,0.4825,0.5741,0.1054,0.4854893982410431,0.2759612500667572,0.23854941129684448,59,35,0,0,0.0,0.0
34066,26,0.2969,0.6853,0.4686,0.0167,0.39521294832229614,0.29745346307754517,0.3073335886001587,18,15,0,0,0.0,0.0
12725,117,0.1126,0.3005,0.8963,0.6762,0.6182988882064819,0.25757089257240295,0.12413019686937332,11,24,0,0,0.0,0.0
5702,99,0.0708,0.2523,0.8684,0.6347,0.6452751755714417,0.231625035405159,0.12309986352920532,25,10,0,1,0.0,0.2890648263178879
16084,35,0.1128,0.3714,0.6757,0.2765,0.5856738090515137,0.22916585206985474,0.1851603090763092,99,89,0,0,0.0,0.0
40039,67,0.0728,0.414,0.772,0.4664,0.6203524470329285,0.21895600855350494,0.16069157421588898,19,2,0,1,0.0,0.6309297535714575
40175,62,0.0572,0.2935,0.7752,0.4724,0.6397891640663147,0.21403972804546356,0.14617106318473816,56,24,0,0,0.0,0.0
36555,20,0.1303,0.5007,0.5342,0.0601,0.5337687730789185,0.21838417649269104,0.24784702062606812,44,47,0,0,0.0,0.0
16009,175,0.0494,0.1878,0.9695,0.7674,0.6761810779571533,0.22491981089115143,0.09889907389879227,4,14,1,0,0.43067655807339306,0.0
31528,127,0.0634,0.3038,0.9074,0.6915,0.6518653035163879,0.22866569459438324,0.11946900933980942,37,57,0,0,0.0,0.0
32436,142,0.0828,0.2914,0.9074,0.6915,0.6401007771492004,0.2403145283460617,0.11958466470241547,88,63,0,0,0.0,0.0
29747,100,0.042,0.3078,0.8421,0.5926,0.6564136743545532,0.21213315427303314,0.13145309686660767,36,23,0,0,0.0,0.0
1054,24,0.3868,0.3509,0.5741,0.1054,0.39023831486701965,0.3899664282798767,0.21979528665542603,16,18,0,0,0.0,0.0
6153,20,0.0991,0.4942,0.5741,0.1054,0.5632742047309875,0.20563845336437225,0.23108729720115662,82,60,0,0,0.0,0.0
19555,42,0.1226,0.3638,0.7048,0.3337,0.5840957760810852,0.2391492873430252,0.1767549067735672,40,35,0,0,0.0,0.0
14767,266,0.0165,0.1826,1.0,0.8388,0.6977370977401733,0.2106958031654358,0.0915670394897461,25,33,0,0,0.0,0.0
26847,173,0.1095,0.2558,0.9684,0.7662,0.6329460740089417,0.25986912846565247,0.10718477517366409,67,10,0,1,0.0,0.2890648263178879
16233,91,0.0811,0.2986,0.8286,0.5698,0.6307225823402405,0.23305141925811768,0.13622598350048065,89,71,0,0,0.0,0.0
20339,21,0.1445,0.4762,0.5741,0.1054,0.5373913645744324,0.229977086186409,0.23263150453567505,30,29,0,0,0.0,0.0
38205,77,0.0748,0.3051,0.8191,0.5532,0.6331654191017151,0.22831235826015472,0.1385222226381302,19,9,0,1,0.0,0.3010299956639812
24494,275,0.0089,0.2209,1.0,0.8485,0.69952392578125,0.20689117908477783,0.09358491003513336,51,2,0,1,0.0,0.6309297535714575
31312,72,0.127,0.2325,0.8011,0.5209,0.6019318103790283,0.2592640817165375,0.13880403339862823,27,3,0,1,0.0,0.5
36406,28,0.1499,0.5564,0.6349,0.2005,0.5385335683822632,0.23684899508953094,0.22461746633052826,87,31,0,0,0.0,0.0
34978,43,0.1971,0.3455,0.7092,0.3425,0.5367149710655212,0.2857165038585663,0.1775684356689453,12,43,0,0,0.0,0.0
22828,233,0.0356,0.1514,0.9662,0.7638,0.6863029599189758,0.2176269292831421,0.09607011079788208,86,67,0,0,0.0,0.0
28258,203,0.0722,0.1618,1.0,0.7985,0.6673259139060974,0.23903778195381165,0.09363625198602676,55,75,0,0,0.0,0.0
36193,76,0.0866,0.2564,0.8166,0.5488,0.6286565661430359,0.23609355092048645,0.13524989783763885,7,15,1,0,0.3333333333333333,0.0
21982,38,0.146,0.3174,0.6757,0.2765,0.5689113736152649,0.25003671646118164,0.18105189502239227,89,5,0,1,0.0,0.38685280723454163
23339,369,0.1076,0.1906,1.0,0.884,0.633629560470581,0.27042844891548157,0.09594196081161499,88,50,0,0,0.0,0.0
30078,195,0.0516,0.1674,0.9933,0.792,0.6793076395988464,0.22673390805721283,0.09395848959684372,19,18,0,0,0.0,0.0
18053,150,0.0734,0.1999,0.9436,0.7378,0.6564880013465881,0.23820875585079193,0.10530316084623337,10,3,1,1,0.2890648263178879,0.5
20362,22,0.1285,0.4799,0.5829,0.1173,0.5488772988319397,0.22212225198745728,0.22900044918060303,35,16,0,0,0.0,0.0
16732,18,0.0844,0.5476,0.5552,0.0821,0.5616452097892761,0.19498318433761597,0.24337156116962433,33,89,0,0,0.0,0.0
15357,18,0.2732,0.52,0.4522,0.0111,0.4207441210746765,0.29432007670402527,0.28493577241897583,67,13,0,0,0.0,0.0
7896,19,0.1191,0.3789,0.5649,0.0936,0.5606651306152344,0.21958881616592407,0.21974609792232513,47,32,0,0,0.0,0.0
12820,300,0.0635,0.2975,1.0,0.8365,0.662317156791687,0.2354356199502945,0.1022472158074379,42,11,0,0,0.0,0.0
21004,153,0.1301,0.1856,0.9461,0.7408,0.6194649338722229,0.27406057715415955,0.10647445172071457,70,85,0,0,0.0,0.0
7854,119,0.2352,0.3253,0.7782,0.4782,0.5184383392333984,0.3237346410751343,0.15782709419727325,56,44,0,0,0.0,0.0
35245,187,0.072,0.2047,0.9781,0.7766,0.6620187163352966,0.23801098763942719,0.0999702662229538,58,15,0,0,0.0,0.0
12352,24,0.4156,0.2572,0.5993,0.1413,0.38048267364501953,0.4211224317550659,0.19839493930339813,16,41,0,0,0.0,0.0
12754,334,0.04,0.2232,1.0,0.8711,0.6781022548675537,0.22667132318019867,0.09522638469934464,61,46,0,0,0.0,0.0
14443,31,0.0667,0.3358,0.6535,0.2342,0.6139161586761475,0.2028712034225464,0.18321262300014496,78,67,0,0,0.0,0.0
32018,66,0.1708,0.2621,0.7928,0.5057,0.5692203640937805,0.28508591651916504,0.14569371938705444,26,44,0,0,0.0,0.0
18421,75,0.0847,0.1966,0.8166,0.5488,0.6338860392570496,0.23647965490818024,0.12963439524173737,62,64,0,0,0.0,0.0
34570,41,0.0666,0.3507,0.7048,0.3337,0.6203890442848206,0.20879852771759033,0.17081238329410553,8,23,1,0,0.31546487678572877,0.0
18829,350,0.0482,0.2288,1.0,0.8703,0.672654390335083,0.2312859147787094,0.09605976939201355,16,41,0,0,0.0,0.0
6599,58,0.1531,0.4027,0.7624,0.4477,0.5680364370346069,0.2646156847476959,0.16734786331653595,43,7,0,1,0.0,0.3333333333333333
12948,25,0.1581,0.5523,0.607,0.1534,0.5284088253974915,0.23774608969688416,0.23384517431259155,31,69,0,0,0.0,0.0
19717,351,0.024,0.2123,1.0,0.8665,0.6891289353370667,0.21721147000789642,0.0936596468091011,17,60,0,0,0.0,0.0
15185,32,0.1674,0.5424,0.6593,0.2451,0.5329914093017578,0.25102898478507996,0.2159796804189682,37,26,0,0,0.0,0.0
23968,32,0.1742,0.3643,0.6593,0.2451,0.5442656874656677,0.2625129818916321,0.19322137534618378,56,4,0,1,0.0,0.43067655807339306
11977,47,0.2127,0.2044,0.73,0.3839,0.5381394624710083,0.30504241585731506,0.15681813657283783,6,7,1,1,0.3562071871080222,0.3333333333333333
20131,49,0.0557,0.3112,0.7377,0.3992,0.6347009539604187,0.20830576121807098,0.15699326992034912,15,39,0,0,0.0,0.0
866,174,0.0323,0.2711,0.9728,0.771,0.6827630996704102,0.21381282806396484,0.10342399030923843,29,60,0,0,0.0,0.0
39188,29,0.1415,0.3652,0.5993,0.1413,0.5552757978439331,0.2354733943939209,0.20925086736679077,88,74,0,0,0.0,0.0
8376,42,0.1289,0.4927,0.7002,0.3247,0.5683984160423279,0.23750188946723938,0.19409964978694916,78,81,0,0,0.0,0.0
18280,52,0.1988,0.3069,0.7451,0.4138,0.54212886095047,0.2944315969944,0.16343948245048523,57,43,0,0,0.0,0.0
2819,284,0.0462,0.2428,1.0,0.8515,0.6749481558799744,0.22787083685398102,0.09718096256256104,58,20,0,0,0.0,0.0
3443,47,0.1668,0.2328,0.7178,0.3596,0.5666208267211914,0.2722044289112091,0.16117478907108307,11,3,0,1,0.0,0.5
36403,31,0.1051,0.4415,0.6413,0.2119,0.5786085724830627,0.21791806817054749,0.20347337424755096,92,93,0,0,0.0,0.0
19419,21,0.1814,0.472,0.5741,0.1054,0.5146839618682861,0.25062456727027893,0.2346915453672409,75,42,0,0,0.0,0.0
39085,71,0.0423,0.3193,0.7956,0.5109,0.6495352983474731,0.20766165852546692,0.14280301332473755,45,30,0,0,0.0,0.0
32444,85,0.0591,0.2967,0.8377,0.5853,0.6459644436836243,0.22144128382205963,0.13259421288967133,9,9,1,1,0.3010299956639812,0.3010299956639812
6742,89,0.1298,0.2887,0.8421,0.5926,0.6008116602897644,0.2640146315097809,0.13517367839813232,52,23,0,0,0.0,0.0
731,49,0.2097,0.3937,0.73,0.3839,0.5267429947853088,0.2954636216163635,0.17779330909252167,7,14,1,0,0.3333333333333333,0.0
37751,61,0.0787,0.3776,0.772,0.4664,0.619519829750061,0.2232244461774826,0.15725579857826233,15,9,0,1,0.0,0.3010299956639812
18903,60,0.0618,0.2408,0.7689,0.4603,0.640085756778717,0.21713194251060486,0.1427823156118393,13,18,0,0,0.0,0.0
31062,20,0.3064,0.3657,0.545,0.0709,0.43696632981300354,0.3304116129875183,0.23262207210063934,64,3,0,1,0.0,0.5
31682,71,0.1684,0.3951,0.8011,0.5209,0.5626391172409058,0.28012654185295105,0.15723437070846558,50,55,0,0,0.0,0.0
29248,26,0.2843,0.3599,0.6215,0.1771,0.46548357605934143,0.3265979290008545,0.2079184353351593,100,61,0,0,0.0,0.0
22627,51,0.1431,0.2635,0.7414,0.4066,0.5827717781066895,0.2600902318954468,0.15713804960250854,92,19,0,0,0.0,0.0
12310,58,0.123,0.2951,0.7656,0.4541,0.5964125990867615,0.2503739595413208,0.15321339666843414,54,33,0,0,0.0,0.0
3173,312,0.0652,0.2198,1.0,0.8637,0.6627246141433716,0.24088570475578308,0.09638962149620056,71,70,0,0,0.0,0.0
16816,41,0.1382,0.3693,0.6956,0.3154,0.5723481178283691,0.24659575521945953,0.18105600774288177,91,100,0,0,0.0,0.0
31639,45,0.0604,0.2659,0.7178,0.3596,0.632900059223175,0.20951083302497864,0.15758918225765228,69,16,0,0,0.0,0.0
7493,100,0.0976,0.2246,0.8684,0.6347,0.6295250654220581,0.24819350242614746,0.12228137254714966,51,73,0,0,0.0,0.0
4251,35,0.2643,0.3698,0.6757,0.2765,0.4851449728012085,0.32258954644203186,0.19226540625095367,33,17,0,0,0.0,0.0
26633,31,0.1304,0.4371,0.6535,0.2342,0.5652718544006348,0.23345042765140533,0.2012777328491211,11,45,0,0,0.0,0.0
32474,173,0.1091,0.1972,0.9534,0.7494,0.6342384815216064,0.26053521037101746,0.10522637516260147,9,2,1,1,0.3010299956639812,0.6309297535714575
4823,128,0.0539,0.175,0.9059,0.6894,0.6654580235481262,0.22578617930412292,0.10875575244426727,46,14,0,0,0.0,0.0
37900,50,0.1193,0.47,0.6956,0.3154,0.5758496522903442,0.23222333192825317,0.19192707538604736,22,12,0,0,0.0,0.0
3358,425,0.0647,0.1827,1.0,0.8975,0.6616552472114563,0.24499496817588806,0.09334978461265564,76,6,0,1,0.0,0.3562071871080222
10083,32,0.3577,0.4679,0.5993,0.1413,0.404922753572464,0.3659619390964508,0.229115292429924,65,69,0,0,0.0,0.0
9926,19,0.1194,0.3662,0.5649,0.0936,0.561728298664093,0.22023636102676392,0.21803535521030426,75,23,0,0,0.0,0.0
37029,50,0.0983,0.2678,0.7338,0.3916,0.6109163761138916,0.23240302503108978,0.15668055415153503,59,9,0,1,0.0,0.3010299956639812
39701,18,0.1204,0.6266,0.5342,0.0601,0.5259916186332703,0.20787319540977478,0.26613515615463257,22,30,0,0,0.0,0.0
5653,94,0.1145,0.259,0.8506,0.6065,0.614017903804779,0.2561433017253876,0.1298387348651886,14,4,0,1,0.0,0.43067655807339306
16531,30,0.2027,0.2898,0.6475,0.2231,0.5298032164573669,0.2812822461128235,0.18891452252864838,82,20,0,0,0.0,0.0
7768,63,0.1587,0.244,0.7782,0.4782,0.5773362517356873,0.27582812309265137,0.14683565497398376,12,20,0,0,0.0,0.0
36730,18,0.269,0.6337,0.5342,0.0601,0.43464723229408264,0.2889569401741028,0.2763957679271698,25,9,0,1,0.0,0.3010299956639812
27692,19,0.3975,0.4316,0.5649,0.0936,0.37616080045700073,0.3903523087501526,0.2334868460893631,39,60,0,0,0.0,0.0
15058,29,0.1462,0.2878,0.6283,0.1889,0.5643359422683716,0.24459229409694672,0.19107168912887573,56,87,0,0,0.0,0.0
34429,684,0.0083,0.1973,1.0,0.9237,0.6944807767868042,0.21442873775959015,0.09109049290418625,20,43,0,0,0.0,0.0
39292,23,0.0974,0.4584,0.5993,0.1413,0.5735798478126526,0.20844605565071106,0.21797408163547516,7,33,1,0,0.3333333333333333,0.0
29882,111,0.1479,0.2784,0.8811,0.6541,0.5936193466186523,0.2795025110244751,0.12687817215919495,43,60,0,0,0.0,0.0
29414,96,0.1149,0.1704,0.8626,0.6258,0.6205527782440186,0.25974583625793457,0.1197013184428215,15,44,0,0,0.0,0.0
19777,51,0.1657,0.3703,0.7377,0.3992,0.5592318773269653,0.2697288393974304,0.17103926837444305,68,36,0,0,0.0,0.0
28493,205,0.0662,0.193,0.9844,0.783,0.6673300266265869,0.2348172962665558,0.09785274416208267,56,68,0,0,0.0,0.0
20303,74,0.0963,0.3463,0.8141,0.5444,0.6158003211021423,0.23909853398799896,0.14510123431682587,27,5,0,1,0.0,0.38685280723454163
37400,19,0.0603,0.5162,0.4976,0.0314,0.5629966855049133,0.18247747421264648,0.25452592968940735,64,25,0,0,0.0,0.0
3849,22,0.2476,0.4226,0.5829,0.1173,0.4783654510974884,0.29370561242103577,0.22792895138263702,18,37,0,0,0.0,0.0
6530,29,0.1041,0.3614,0.6413,0.2119,0.5866319537162781,0.22016794979572296,0.19320012629032135,21,28,0,0,0.0,0.0
13865,71,0.1208,0.282,0.8011,0.5209,0.6027125120162964,0.25402772426605225,0.14325971901416779,79,74,0,0,0.0,0.0
14108,330,0.0457,0.1829,1.0,0.8427,0.6791677474975586,0.22768910229206085,0.09314310550689697,36,27,0,0,0.0,0.0
17692,21,0.371,0.3652,0.5829,0.1173,0.40108075737953186,0.3792766034603119,0.21964263916015625,19,3,0,1,0.0,0.5
5318,999,0.0305,0.1764,1.0,0.9553,0.6786782145500183,0.2308158278465271,0.09050599485635757,26,12,0,0,0.0,0.0
10463,84,0.1174,0.2388,0.8355,0.5815,0.6116510629653931,0.2570074200630188,0.13134153187274933,49,5,0,1,0.0,0.38685280723454163
15976,47,0.1936,0.3661,0.7178,0.3596,0.5384791493415833,0.2841242849826813,0.17739658057689667,27,33,0,0,0.0,0.0
11588,45,0.0902,0.3976,0.7219,0.3679,0.6041451692581177,0.22235551476478577,0.17349930107593536,45,68,0,0,0.0,0.0
36298,34,0.1006,0.3939,0.6593,0.2451,0.5888190865516663,0.21950651705265045,0.1916743814945221,76,3,0,1,0.0,0.5
4907,42,0.2331,0.4005,0.6413,0.2119,0.4995426535606384,0.2944726049900055,0.2059847116470337,73,96,0,0,0.0,0.0
10425,24,0.3762,0.7224,0.5552,0.0821,0.36549311876296997,0.3523378372192383,0.28216907382011414,92,26,0,0,0.0,0.0
176,53,0.1843,0.352,0.73,0.3839,0.5472056865692139,0.28083232045173645,0.17196202278137207,46,42,0,0,0.0,0.0
27170,75,0.0629,0.3142,0.7984,0.5159,0.6375247240066528,0.2192266434431076,0.14324867725372314,65,25,0,0,0.0,0.0
38362,34,0.1647,0.4668,0.6704,0.2662,0.5432710647583008,0.2544237971305847,0.20230519771575928,24,76,0,0,0.0,0.0
31119,101,0.0592,0.2359,0.8702,0.6376,0.653930127620697,0.22546017169952393,0.12060967832803726,73,12,0,0,0.0,0.0
19357,67,0.147,0.3152,0.79,0.5004,0.5816083550453186,0.2677571177482605,0.15063448250293732,10,46,1,0,0.2890648263178879,0.0
2045,38,0.1304,0.3882,0.6859,0.2963,0.5744777917861938,0.23995812237262726,0.1855641007423401,47,15,0,0,0.0,0.0
15451,31,0.2148,0.3693,0.6535,0.2342,0.5160731673240662,0.2863776683807373,0.19754917919635773,89,60,0,0,0.0,0.0
19182,96,0.0489,0.1841,0.8607,0.6227,0.6625291705131531,0.22004181146621704,0.11742895841598511,41,36,0,0,0.0,0.0
18819,398,0.0529,0.2238,1.0,0.8806,0.6689170598983765,0.2352651059627533,0.09581785649061203,72,2,0,1,0.0,0.6309297535714575
30096,159,0.0941,0.259,0.951,0.7466,0.6405960917472839,0.24974793195724487,0.10965598374605179,12,6,0,1,0.0,0.3562071871080222
4637,63,0.1053,0.2764,0.772,0.4664,0.6100913286209106,0.24127605557441711,0.14863263070583344,22,44,0,0,0.0,0.0
15563,40,0.1467,0.2991,0.6859,0.2963,0.5712797045707703,0.2526315450668335,0.17608872056007385,81,7,0,1,0.0,0.3333333333333333
17690,213,0.0386,0.2167,1.0,0.8071,0.6851580739021301,0.21932455897331238,0.09551741927862167,59,15,0,0,0.0,0.0
13144,117,0.0569,0.2576,0.8793,0.6514,0.6551628112792969,0.22429829835891724,0.12053893506526947,12,28,0,0,0.0,0.0
39558,22,0.4863,0.377,0.5912,0.1293,0.32637226581573486,0.46231740713119507,0.21131031215190887,38,53,0,0,0.0,0.0
7526,53,0.118,0.3845,0.7486,0.4209,0.5909103155136108,0.2422250211238861,0.16686467826366425,29,11,0,0,0.0,0.0
35797,25,0.2553,0.3305,0.5993,0.1413,0.48395588994026184,0.30564576387405396,0.2103983759880066,41,44,0,0,0.0,0.0
14994,36,0.1662,0.4027,0.6809,0.2865,0.5493014454841614,0.25958141684532166,0.19111712276935577,58,17,0,0,0.0,0.0
9920,172,0.0253,0.2476,0.9673,0.765,0.6875725984573364,0.21027590334415436,0.10215144604444504,2,21,1,0,0.6309297535714575,0.0
17736,46,0.1299,0.2638,0.726,0.376,0.5898205637931824,0.24983766674995422,0.16034172475337982,58,70,0,0,0.0,0.0
9455,191,0.0475,0.23,0.9854,0.7841,0.6774455308914185,0.22324329614639282,0.09931118041276932,30,56,0,0,0.0,0.0
41273,793,0.0265,0.1886,1.0,0.9332,0.6826828718185425,0.22593411803245544,0.09138298779726028,75,78,0,0,0.0,0.0
3819,30,0.2619,0.2933,0.6413,0.2119,0.48847973346710205,0.3184899687767029,0.19303026795387268,32,53,0,0,0.0,0.0
11060,71,0.2226,0.377,0.759,0.4412,0.5219969153404236,0.30976834893226624,0.16823482513427734,30,26,0,0,0.0,0.0
20431,301,0.0558,0.2218,1.0,0.853,0.6697471141815186,0.23405197262763977,0.09620094299316406,44,18,0,0,0.0,0.0
37436,153,0.1337,0.1939,0.8846,0.6592,0.6088429689407349,0.272842139005661,0.11831486225128174,30,13,0,0,0.0,0.0
19212,30,0.0796,0.3876,0.6349,0.2005,0.5981542468070984,0.20569027960300446,0.19615548849105835,48,3,0,1,0.0,0.5
29177,21,0.1792,0.5275,0.5829,0.1173,0.5125791430473328,0.24770985543727875,0.23971101641654968,4,7,1,1,0.43067655807339306,0.3333333333333333
8212,26,0.2383,0.3623,0.5829,0.1173,0.4897017180919647,0.2910367250442505,0.21926158666610718,3,3,1,1,0.5,0.5
31027,71,0.1998,0.2091,0.7486,0.4209,0.548469066619873,0.2993561029434204,0.15217480063438416,27,5,0,1,0.0,0.38685280723454163
20253,134,0.0835,0.2008,0.8793,0.6514,0.6415496468544006,0.24106813967227936,0.1173822283744812,36,58,0,0,0.0,0.0
26741,28,0.2955,0.4012,0.6349,0.2005,0.4565340280532837,0.33423230051994324,0.20923379063606262,48,7,0,1,0.0,0.3333333333333333
18119,30,0.1456,0.6054,0.6475,0.2231,0.5387766361236572,0.2342301309108734,0.22699320316314697,20,11,0,0,0.0,0.0
33012,95,0.0689,0.2718,0.7782,0.4782,0.6344419717788696,0.22136186063289642,0.14419619739055634,12,4,0,1,0.0,0.43067655807339306
35478,66,0.1405,0.318,0.7928,0.5057,0.5860950350761414,0.2640015482902527,0.14990340173244476,39,7,0,1,0.0,0.3333333333333333
32577,42,0.1967,0.4686,0.7092,0.3425,0.5272976160049438,0.2803105413913727,0.19239182770252228,85,4,0,1,0.0,0.43067655807339306
29103,48,0.0712,0.3692,0.73,0.3839,0.6194482445716858,0.213986337184906,0.1665654331445694,4,4,1,1,0.43067655807339306,0.43067655807339306
5246,47,0.2555,0.4995,0.726,0.376,0.4869142770767212,0.32011526823043823,0.19297045469284058,72,5,0,1,0.0,0.38685280723454163
40055,31,0.0535,0.3195,0.6535,0.2342,0.6233147382736206,0.19667735695838928,0.18000787496566772,30,71,0,0,0.0,0.0
28687,34,0.3417,0.3618,0.6535,0.2342,0.43001675605773926,0.3720532953739166,0.19792994856834412,75,68,0,0,0.0,0.0
38883,30,0.1405,0.386,0.6413,0.2119,0.5614713430404663,0.2393564134836197,0.19917218387126923,51,38,0,0,0.0,0.0
16639,98,0.0313,0.2514,0.8645,0.6288,0.6696090698242188,0.20923687517642975,0.12115407735109329,67,9,0,1,0.0,0.3010299956639812
1583,21,0.0753,0.4451,0.5829,0.1173,0.584600031375885,0.19638575613498688,0.2190142720937729,29,21,0,0,0.0,0.0
6049,22,0.1215,0.4373,0.5741,0.1054,0.5554793477058411,0.2193315476179123,0.22518908977508545,81,22,0,0,0.0,0.0
40793,60,0.158,0.286,0.7178,0.3596,0.5685846209526062,0.26486310362815857,0.16655226051807404,48,47,0,0,0.0,0.0
37809,26,0.2641,0.3541,0.607,0.1534,0.47737956047058105,0.31126508116722107,0.21135535836219788,4,13,1,0,0.43067655807339306,0.0
1257,396,0.0381,0.2131,1.0,0.8897,0.6781094074249268,0.22769832611083984,0.09419222176074982,21,9,0,1,0.0,0.3010299956639812
17972,35,0.2103,0.5404,0.5829,0.1173,0.4916645884513855,0.2649257779121399,0.24340961873531342,12,48,0,0,0.0,0.0
37866,40,0.2931,0.267,0.6956,0.3154,0.47423648834228516,0.35137680172920227,0.17438669502735138,12,18,0,0,0.0,0.0
39097,131,0.0861,0.2983,0.9149,0.7016,0.6385398507118225,0.24252797663211823,0.11893214285373688,40,72,0,0,0.0,0.0
11669,39,0.1057,0.3718,0.6859,0.2963,0.591606616973877,0.2266472578048706,0.18174614012241364,5,6,1,1,0.38685280723454163,0.3562071871080222
31142,22,0.219,0.5407,0.5741,0.1054,0.4842275381088257,0.26895871758461,0.24681371450424194,24,40,0,0,0.0,0.0
34183,20,0.1618,0.6619,0.5552,0.0821,0.5029054880142212,0.22891373932361603,0.2681807577610016,40,22,0,0,0.0,0.0
29371,104,0.0419,0.2558,0.8485,0.6031,0.660803496837616,0.2137291580438614,0.12546734511852264,35,30,0,0,0.0,0.0
41439,78,0.033,0.2541,0.8239,0.5616,0.6633695363998413,0.20689578354358673,0.12973463535308838,14,4,0,1,0.0,0.43067655807339306
12107,613,0.0365,0.1532,1.0,0.9196,0.6793290376663208,0.23094014823436737,0.08973084390163422,55,14,0,0,0.0,0.0
28978,173,0.0522,0.2358,0.9673,0.765,0.6714798212051392,0.2256278395652771,0.10289232432842255,40,41,0,0,0.0,0.0
38453,204,0.0357,0.2063,1.0,0.7985,0.6882792711257935,0.21697619557380676,0.0947444885969162,4,2,1,1,0.43067655807339306,0.6309297535714575
6035,19,0.0975,0.6457,0.5649,0.0936,0.5455943942070007,0.19812710583209991,0.25627851486206055,88,74,0,0,0.0,0.0
31120,77,0.0905,0.2388,0.8166,0.5488,0.6273164749145508,0.2388281226158142,0.13385538756847382,56,48,0,0,0.0,0.0
23133,50,0.1888,0.3881,0.7338,0.3916,0.541824221611023,0.28293147683143616,0.17524422705173492,15,68,0,0,0.0,0.0
27160,61,0.0775,0.3155,0.7752,0.4724,0.6254318952560425,0.22464367747306824,0.14992444217205048,13,19,0,0,0.0,0.0
22129,21,0.0883,0.589,0.5829,0.1173,0.561735987663269,0.1974894255399704,0.24077454209327698,65,94,0,0,0.0,0.0
21376,102,0.2223,0.1831,0.8665,0.6318,0.5443109273910522,0.33195310831069946,0.1237359344959259,74,93,0,0,0.0,0.0
6885,156,0.1771,0.2586,0.9461,0.7408,0.5823947191238403,0.30373066663742065,0.11387455463409424,65,58,0,0,0.0,0.0
10718,111,0.0771,0.196,0.8863,0.6618,0.6468578577041626,0.23783080279827118,0.11531131714582443,13,7,0,1,0.0,0.3333333333333333
21915,503,0.0887,0.2013,1.0,0.8963,0.6447942852973938,0.2594863772392273,0.0957193374633789,7,6,1,1,0.3333333333333333,0.3562071871080222
27410,136,0.0893,0.2313,0.8191,0.5532,0.6288792490959167,0.23857226967811584,0.13254843652248383,75,62,0,0,0.0,0.0
32691,338,0.0383,0.1446,1.0,0.8722,0.6830386519432068,0.22711680829524994,0.08984450250864029,52,75,0,0,0.0,0.0
19186,98,0.0488,0.2745,0.8645,0.6288,0.6572794318199158,0.21835719048976898,0.12436343729496002,85,5,0,1,0.0,0.38685280723454163
26589,22,0.2803,0.3319,0.5829,0.1173,0.46428927779197693,0.3196289539337158,0.21608175337314606,17,31,0,0,0.0,0.0
36169,105,0.1474,0.3158,0.8547,0.6132,0.5885158181190491,0.2756706178188324,0.13581353425979614,20,23,0,0,0.0,0.0
2310,72,0.2191,0.2887,0.8011,0.5209,0.5343343019485474,0.31768953800201416,0.1479761004447937,43,68,0,0,0.0,0.0
30155,448,0.0303,0.2001,1.0,0.9011,0.6826629042625427,0.22458498179912567,0.09275206923484802,2,2,1,1,0.6309297535714575,0.6309297535714575
5828,268,0.0318,0.2072,1.0,0.8347,0.6874040365219116,0.21845614910125732,0.09413983672857285,4,14,1,0,0.43067655807339306,0.0
20950,35,0.2533,0.4677,0.6704,0.2662,0.48444926738739014,0.3093600273132324,0.20619076490402222,48,58,0,0,0.0,0.0
16815,19,0.4456,0.4717,0.545,0.0709,0.3395764231681824,0.41795843839645386,0.24246513843536377,75,50,0,0,0.0,0.0
21504,369,0.0391,0.198,1.0,0.8825,0.6789091229438782,0.22778001427650452,0.09331084787845612,37,3,0,1,0.0,0.5
7627,20,0.1756,0.3987,0.5741,0.1054,0.5253592729568481,0.2506820261478424,0.22395864129066467,22,19,0,0,0.0,0.0
26840,70,0.0989,0.4426,0.6535,0.2342,0.584449052810669,0.21617378294467926,0.19937720894813538,84,33,0,0,0.0,0.0
33904,203,0.0359,0.2711,1.0,0.7985,0.6847031116485596,0.2160000056028366,0.09929689764976501,92,17,0,0,0.0,0.0
104,40,0.1827,0.3931,0.6908,0.306,0.5404753088951111,0.27161940932273865,0.18790525197982788,52,43,0,0,0.0,0.0
35665,29,0.0876,0.355,0.6349,0.2005,0.5963067412376404,0.2108776718378067,0.1928156018257141,5,10,1,1,0.38685280723454163,0.2890648263178879
30576,44,0.1358,0.4562,0.6535,0.2342,0.5601101517677307,0.23573222756385803,0.20415763556957245,78,13,0,0,0.0,0.0
27491,99,0.1062,0.2937,0.8665,0.6318,0.6192429661750793,0.251544713973999,0.12921230494976044,6,10,1,1,0.3562071871080222,0.2890648263178879
3419,19,0.1459,0.4358,0.5552,0.0821,0.5361695289611816,0.23084427416324615,0.2329862415790558,14,13,0,0,0.0,0.0
12503,894,0.0143,0.1738,1.0,0.9421,0.690274715423584,0.22006933391094208,0.08965586870908737,27,58,0,0,0.0,0.0
34159,76,0.153,0.1813,0.8191,0.5532,0.5893035531044006,0.27939438819885254,0.13130205869674683,46,20,0,0,0.0,0.0
24014,55,0.0933,0.3763,0.7556,0.4346,0.6083070635795593,0.2293049395084381,0.16238804161548615,69,91,0,0,0.0,0.0
32902,61,0.2195,0.2506,0.7782,0.4782,0.5344311594963074,0.3158779740333557,0.14969082176685333,33,8,0,1,0.0,0.31546487678572877
29362,220,0.0645,0.1381,1.0,0.8079,0.6726084351539612,0.23585009574890137,0.09154150635004044,26,48,0,0,0.0,0.0
3209,26,0.0769,0.4135,0.6215,0.1771,0.5948488712310791,0.20195810496807098,0.20319302380084991,24,2,0,1,0.0,0.6309297535714575
40187,121,0.0769,0.2273,0.8996,0.6807,0.6467981338500977,0.23780886828899384,0.11539294570684433,20,16,0,0,0.0,0.0
17833,422,0.04,0.1585,1.0,0.8861,0.679975152015686,0.22935229539871216,0.09067259728908539,9,28,1,0,0.3010299956639812,0.0
36097,79,0.0645,0.3086,0.8215,0.5574,0.6397437453269958,0.22264991700649261,0.13760629296302795,18,3,0,1,0.0,0.5
8687,147,0.0492,0.2354,0.9371,0.73,0.6690874099731445,0.22317978739738464,0.10773275047540665,70,60,0,0,0.0,0.0
19180,124,0.0631,0.2668,0.9043,0.6873,0.6539166569709778,0.22913537919521332,0.11694794148206711,18,59,0,0,0.0,0.0
29121,31,0.0701,0.506,0.6475,0.2231,0.5948015451431274,0.19853806495666504,0.2066604048013687,21,95,0,0,0.0,0.0
32042,231,0.0593,0.1562,0.9962,0.7949,0.6753824353218079,0.2314472794532776,0.09317021816968918,3,19,1,0,0.5,0.0
7970,217,0.0327,0.2565,1.0,0.8088,0.6865600347518921,0.21550121903419495,0.09793878346681595,15,72,0,0,0.0,0.0
1769,98,0.1194,0.2402,0.8607,0.6227,0.6130722165107727,0.2605997622013092,0.1263279914855957,75,10,0,1,0.0,0.2890648263178879
15940,258,0.0864,0.2337,1.0,0.8353,0.6507525444030762,0.2504482865333557,0.09879909455776215,6,14,1,0,0.3562071871080222,0.0
10566,177,0.0371,0.1959,0.9593,0.7562,0.6820005774497986,0.21760977804660797,0.10038968175649643,49,39,0,0,0.0,0.0
20676,35,0.2668,0.285,0.6649,0.2557,0.48847052454948425,0.3263995051383972,0.18512998521327972,82,81,0,0,0.0,0.0
36219,41,0.0872,0.2694,0.7048,0.3337,0.6143212914466858,0.22221405804157257,0.16346469521522522,40,38,0,0,0.0,0.0
849,53,0.0905,0.3719,0.7451,0.4138,0.60912024974823,0.2264464795589447,0.16443322598934174,49,13,0,0,0.0,0.0
36326,32,0.3303,0.421,0.6535,0.2342,0.4336909055709839,0.3605552017688751,0.20575395226478577,26,4,0,1,0.0,0.43067655807339306
27145,69,0.1965,0.305,0.7984,0.5159,0.5490241646766663,0.3013449013233185,0.14963088929653168,24,14,0,0,0.0,0.0
6167,34,0.0631,0.3164,0.6649,0.2557,0.6196282505989075,0.2029607743024826,0.17741093039512634,18,8,0,1,0.0,0.31546487678572877
40828,64,0.0913,0.3554,0.759,0.4412,0.6116462349891663,0.22923943400382996,0.15911433100700378,58,23,0,0,0.0,0.0
7442,182,0.0291,0.1833,0.9651,0.7626,0.6884651780128479,0.21343617141246796,0.09809866547584534,44,10,0,1,0.0,0.2890648263178879
30537,35,0.1129,0.4092,0.6757,0.2765,0.5823001861572266,0.22792555391788483,0.18977424502372742,53,67,0,0,0.0,0.0
7719,53,0.2209,0.2477,0.7486,0.4209,0.5310693383216858,0.3120756447315216,0.15685495734214783,47,84,0,0,0.0,0.0
10217,51,0.2599,0.465,0.6475,0.2231,0.4771970212459564,0.3095075190067291,0.21329547464847565,27,15,0,0,0.0,0.0
32874,136,0.0283,0.2689,0.9193,0.7074,0.6776248216629028,0.21022674441337585,0.11214837431907654,17,15,0,0,0.0,0.0
19402,268,0.0296,0.2564,1.0,0.8427,0.6854682564735413,0.21721011400222778,0.09732162207365036,43,83,0,0,0.0,0.0
33559,36,0.1302,0.3912,0.6809,0.2865,0.5736442804336548,0.2389925718307495,0.18736310303211212,59,43,0,0,0.0,0.0
18192,73,0.1421,0.2454,0.809,0.5353,0.5916765332221985,0.2693018913269043,0.13902156054973602,47,39,0,0,0.0,0.0
27657,43,0.1469,0.2094,0.7136,0.3512,0.581278383731842,0.2600211203098297,0.15870049595832825,23,55,0,0,0.0,0.0
31946,34,0.1754,0.4077,0.6704,0.2662,0.5413824319839478,0.2632144093513489,0.19540317356586456,41,28,0,0,0.0,0.0
31243,18,0.1483,0.4454,0.545,0.0709,0.5312334299087524,0.230980783700943,0.23778584599494934,98,94,0,0,0.0,0.0
16253,57,0.0852,0.3085,0.7522,0.4278,0.6183304786682129,0.22626030445098877,0.15540926158428192,52,4,0,1,0.0,0.43067655807339306
30276,33,0.0806,0.4186,0.6649,0.2557,0.5998016595840454,0.20887626707553864,0.19132204353809357,10,67,1,0,0.2890648263178879,0.0
36247,136,0.1438,0.227,0.9249,0.7148,0.6048911809921265,0.28113967180252075,0.11396912485361099,49,2,0,1,0.0,0.6309297535714575
9589,67,0.0772,0.3822,0.7956,0.5109,0.6231027841567993,0.22509317100048065,0.15180402994155884,28,10,0,1,0.0,0.2890648263178879
25487,211,0.0767,0.2267,1.0,0.8003,0.6609052419662476,0.2407558709383011,0.09833887219429016,86,28,0,0,0.0,0.0
12695,20,0.1549,0.4774,0.5741,0.1054,0.5308042168617249,0.2355789840221405,0.23361681401729584,47,32,0,0,0.0,0.0
33507,27,0.1879,0.3755,0.6283,0.1889,0.5296186804771423,0.26561564207077026,0.2047656625509262,11,27,0,0,0.0,0.0
9060,98,0.0993,0.1822,0.8645,0.6288,0.630511999130249,0.24996106326580048,0.11952686309814453,33,30,0,0,0.0,0.0
4550,128,0.0304,0.1908,0.9089,0.6936,0.6795982718467712,0.21240288019180298,0.10799888521432877,32,6,0,1,0.0,0.3562071871080222
38804,410,0.0298,0.2083,1.0,0.8928,0.6833229660987854,0.22329430282115936,0.09338275343179703,63,67,0,0,0.0,0.0
27615,19,0.1729,0.4269,0.5649,0.0936,0.5223789811134338,0.24698467552661896,0.2306363582611084,1,5,1,1,1.0,0.38685280723454163
22567,34,0.1251,0.4186,0.6649,0.2557,0.5721064209938049,0.232808917760849,0.19508473575115204,16,7,0,1,0.0,0.3333333333333333
33477,21,0.1881,0.3402,0.5649,0.0936,0.5208148956298828,0.25970014929771423,0.21948495507240295,57,56,0,0,0.0,0.0
17839,82,0.158,0.3266,0.8309,0.5738,0.5777846574783325,0.27958443760871887,0.1426309049129486,2,3,1,1,0.6309297535714575,0.5
173,18,0.1101,0.6103,0.545,0.0709,0.5368619561195374,0.2042151391506195,0.258922815322876,67,61,0,0,0.0,0.0
18822,55,0.2094,0.2238,0.7556,0.4346,0.5413669347763062,0.30637821555137634,0.15225493907928467,25,29,0,0,0.0,0.0
19864,95,0.076,0.2646,0.8286,0.5698,0.6363150477409363,0.23095819354057312,0.132726788520813,4,17,1,0,0.43067655807339306,0.0
32366,49,0.121,0.2539,0.7377,0.3992,0.5977111458778381,0.24653664231300354,0.1557522565126419,12,9,0,1,0.0,0.3010299956639812
9898,54,0.2346,0.3355,0.7451,0.4138,0.5151792764663696,0.31714463233947754,0.16767607629299164,79,27,0,0,0.0,0.0
29630,56,0.0987,0.3855,0.7522,0.4278,0.6037188172340393,0.2316022664308548,0.1646789163351059,80,51,0,0,0.0,0.0
35405,35,0.2034,0.2209,0.6757,0.2765,0.5381036996841431,0.28911781311035156,0.17277848720550537,33,60,0,0,0.0,0.0
32021,62,0.1236,0.389,0.7136,0.3512,0.5825218558311462,0.2401706725358963,0.17730753123760223,19,25,0,0,0.0,0.0
22935,43,0.2781,0.3115,0.7092,0.3425,0.48300111293792725,0.34139901399612427,0.1755998730659485,75,22,0,0,0.0,0.0
22080,19,0.4599,0.5202,0.5649,0.0936,0.330829918384552,0.4271082282066345,0.24206188321113586,13,22,0,0,0.0,0.0
36292,46,0.2257,0.4572,0.726,0.376,0.510543167591095,0.30240529775619507,0.18705154955387115,67,65,0,0,0.0,0.0
35730,125,0.0713,0.3094,0.8996,0.6807,0.6453866958618164,0.23268431425094604,0.12192897498607635,90,60,0,0,0.0,0.0
25055,487,0.0505,0.239,1.0,0.8718,0.6705080270767212,0.23262056708335876,0.09687143564224243,4,9,1,1,0.43067655807339306,0.3010299956639812
30175,18,0.1494,0.4318,0.5552,0.0821,0.5343934893608093,0.23291544616222382,0.23269101977348328,28,15,0,0,0.0,0.0
21424,43,0.121,0.3098,0.7092,0.3425,0.590071976184845,0.24067018926143646,0.16925789415836334,50,24,0,0,0.0,0.0
12578,78,0.1418,0.257,0.8116,0.5399,0.5913935303688049,0.2690735161304474,0.1395329385995865,16,41,0,0,0.0,0.0
15903,76,0.0949,0.1567,0.8141,0.5444,0.6295568943023682,0.24324502050876617,0.1271980255842209,52,40,0,0,0.0,0.0
37606,124,0.022,0.2301,0.9059,0.6894,0.6820048093795776,0.20695464313030243,0.11104057729244232,88,49,0,0,0.0,0.0
25432,143,0.0958,0.2318,0.9305,0.7217,0.6381617188453674,0.2506493031978607,0.11118892580270767,24,12,0,0,0.0,0.0
15571,286,0.0086,0.2011,1.0,0.846,0.7009532451629639,0.20678594708442688,0.09226086735725403,27,6,0,1,0.0,0.3562071871080222
27337,142,0.0598,0.2929,0.9358,0.7284,0.6588088274002075,0.22807539999485016,0.1131158247590065,100,58,0,0,0.0,0.0
2728,71,0.1009,0.209,0.8064,0.5306,0.6213931441307068,0.2446667104959488,0.13394013047218323,60,38,0,0,0.0,0.0
21164,66,0.1099,0.2941,0.5993,0.1413,0.581669807434082,0.2208394557237625,0.19749076664447784,51,32,0,0,0.0,0.0
40720,22,0.2968,0.9146,0.3921,0.0016,0.3490866720676422,0.2767025828361511,0.37421077489852905,9,2,1,1,0.3010299956639812,0.6309297535714575
25285,52,0.2099,0.4223,0.726,0.376,0.5239992737770081,0.29367780685424805,0.1823229044675827,74,58,0,0,0.0,0.0
25656,33,0.042,0.4216,0.6649,0.2557,0.6226693391799927,0.1894373893737793,0.187893345952034,30,2,0,1,0.0,0.6309297535714575
10107,19,0.3634,0.3313,0.5649,0.0936,0.4056357741355896,0.3735824227333069,0.22078172862529755,58,9,0,1,0.0,0.3010299956639812
32686,172,0.0552,0.246,0.9605,0.7575,0.6680127382278442,0.2270454615354538,0.10494183003902435,64,71,0,0,0.0,0.0
2321,33,0.176,0.3849,0.6593,0.2451,0.54134202003479,0.2627529799938202,0.19590508937835693,52,22,0,0,0.0,0.0
38511,20,0.2754,0.3792,0.5649,0.0936,0.46030882000923157,0.31155645847320557,0.22813478112220764,18,20,0,0,0.0,0.0
33114,179,0.0264,0.1868,0.9739,0.7721,0.691197395324707,0.21198351681232452,0.09681912511587143,7,5,1,1,0.3333333333333333,0.38685280723454163
22053,60,0.0515,0.1831,0.7752,0.4724,0.6513328552246094,0.21359758079051971,0.13506954908370972,63,19,0,0,0.0,0.0
6594,50,0.0773,0.1893,0.726,0.376,0.6293081641197205,0.22174188494682312,0.14894992113113403,57,71,0,0,0.0,0.0
29240,19,0.2374,0.4079,0.545,0.0709,0.4783746898174286,0.2841145098209381,0.23751084506511688,61,71,0,0,0.0,0.0
6556,363,0.0312,0.2147,1.0,0.8696,0.6842319369316101,0.22158360481262207,0.0941845253109932,99,55,0,0,0.0,0.0
34662,566,0.0138,0.1744,1.0,0.9207,0.6924988627433777,0.2175806611776352,0.08992048352956772,23,36,0,0,0.0,0.0
30301,26,0.202,0.2964,0.6215,0.1771,0.525963306427002,0.27667248249053955,0.19736413657665253,14,22,0,0,0.0,0.0
944,268,0.0464,0.2027,1.0,0.8416,0.677815854549408,0.2276429980993271,0.09454109519720078,27,13,0,0,0.0,0.0
9554,47,0.1351,0.3034,0.7178,0.3596,0.582427978515625,0.25041475892066956,0.16715717315673828,21,36,0,0,0.0,0.0
27284,23,0.0596,0.4962,0.5912,0.1293,0.5904287695884705,0.18784403800964355,0.22172723710536957,84,97,0,0,0.0,0.0
10253,20,0.2892,0.5482,0.5552,0.0821,0.4347114562988281,0.30905693769454956,0.25623154640197754,45,13,0,0,0.0,0.0
4891,92,0.0916,0.2488,0.8506,0.6065,0.6298475861549377,0.24250948429107666,0.1276429444551468,18,39,0,0,0.0,0.0
31066,89,0.0662,0.3073,0.8421,0.5926,0.6413074135780334,0.22557033598423004,0.1331222653388977,71,87,0,0,0.0,0.0
40886,50,0.2031,0.3366,0.7414,0.4066,0.5366566181182861,0.29547712206840515,0.16786623001098633,49,16,0,0,0.0,0.0
22494,164,0.1163,0.2721,0.8286,0.5698,0.6094356179237366,0.25471019744873047,0.13585421442985535,36,5,0,1,0.0,0.38685280723454163
26398,260,0.057,0.2091,1.0,0.8382,0.6710178256034851,0.23340116441249847,0.0955810546875,62,8,0,1,0.0,0.31546487678572877
5233,324,0.0392,0.1952,1.0,0.8616,0.6809209585189819,0.22568702697753906,0.09339196234941483,10,2,1,1,0.2890648263178879,0.6309297535714575
21821,120,0.0798,0.2819,0.9012,0.6829,0.6418144702911377,0.2383933961391449,0.11979217082262039,17,19,0,0,0.0,0.0
35107,165,0.0362,0.1925,0.9616,0.7588,0.683070182800293,0.2172047644853592,0.09972503036260605,28,22,0,0,0.0,0.0
25207,284,0.1003,0.1764,1.0,0.8496,0.642837405204773,0.26197388768196106,0.09518865495920181,31,34,0,0,0.0,0.0
21085,32,0.172,0.3562,0.6535,0.2342,0.5455643534660339,0.26062530279159546,0.19381028413772583,7,7,1,1,0.3333333333333333,0.3333333333333333
32244,82,0.1504,0.1799,0.8332,0.5777,0.592570960521698,0.2793522775173187,0.1280767321586609,33,55,0,0,0.0,0.0
35560,251,0.0371,0.2259,1.0,0.8341,0.6831740140914917,0.22109724581241608,0.09572874754667282,90,73,0,0,0.0,0.0
2260,244,0.0462,0.1665,1.0,0.8257,0.6812530159950256,0.22646644711494446,0.09228049963712692,13,22,0,0,0.0,0.0
4468,107,0.1362,0.2964,0.8702,0.6376,0.5992667078971863,0.27052101492881775,0.13021224737167358,56,61,0,0,0.0,0.0
15645,47,0.167,0.362,0.73,0.3839,0.5581219792366028,0.26960569620132446,0.17227232456207275,58,82,0,0,0.0,0.0
19136,76,0.1043,0.3111,0.8166,0.5488,0.6133592128753662,0.2450699508190155,0.1415707767009735,4,5,1,1,0.43067655807339306,0.38685280723454163
38557,25,0.0669,0.515,0.6144,0.1653,0.5892627239227295,0.19291026890277863,0.21782700717449188,93,14,0,0,0.0,0.0
5986,138,0.124,0.2625,0.9263,0.7165,0.6167853474617004,0.26744768023490906,0.11576704680919647,86,33,0,0,0.0,0.0
28828,797,0.0348,0.1831,1.0,0.9416,0.6768797039985657,0.23178184032440186,0.09133850783109665,20,39,0,0,0.0,0.0
40663,30,0.264,0.2618,0.6283,0.1889,0.4877377152442932,0.3192647695541382,0.19299741089344025,100,59,0,0,0.0,0.0
6598,36,0.2183,0.3604,0.6809,0.2865,0.5179236531257629,0.2937123477458954,0.18836410343647003,52,58,0,0,0.0,0.0
29485,35,0.2948,0.3248,0.6593,0.2451,0.46559250354766846,0.3425007164478302,0.19190679490566254,19,53,0,0,0.0,0.0
11085,28,0.2753,0.4034,0.6349,0.2005,0.47002434730529785,0.32062026858329773,0.2093554437160492,32,43,0,0,0.0,0.0
19917,44,0.1438,0.3983,0.7178,0.3596,0.5691686272621155,0.252280056476593,0.17855125665664673,31,36,0,0,0.0,0.0
1787,851,0.06,0.1461,1.0,0.9098,0.6653429269790649,0.2441360503435135,0.09052097797393799,81,65,0,0,0.0,0.0
2842,45,0.1386,0.3378,0.7136,0.3512,0.5769240856170654,0.25068411231040955,0.17239177227020264,33,15,0,0,0.0,0.0
21579,114,0.094,0.2073,0.8931,0.6715,0.6359384655952454,0.24815776944160461,0.1159038171172142,38,22,0,0,0.0,0.0
3582,182,0.0467,0.2499,0.9522,0.748,0.6719700694084167,0.2219044268131256,0.10612554848194122,14,34,0,0,0.0,0.0
19506,253,0.0587,0.208,1.0,0.8353,0.6702507734298706,0.23411794006824493,0.09563137590885162,20,25,0,0,0.0,0.0
23804,75,0.1211,0.2106,0.8141,0.5444,0.6086862683296204,0.2577669620513916,0.13354679942131042,63,10,0,1,0.0,0.2890648263178879
24908,30,0.4105,0.4186,0.6413,0.2119,0.3784008324146271,0.41502845287323,0.20657077431678772,68,79,0,0,0.0,0.0
28615,32,0.2442,0.5008,0.6593,0.2451,0.4863709509372711,0.2997157573699951,0.21391326189041138,88,40,0,0,0.0,0.0
9659,84,0.0613,0.2791,0.8309,0.5738,0.6449455618858337,0.22247593104839325,0.13257849216461182,22,9,0,1,0.0,0.3010299956639812
16281,742,0.0518,0.2211,1.0,0.9394,0.6641699075698853,0.2410539984703064,0.09477607905864716,21,34,0,0,0.0,0.0
39504,132,0.0524,0.2235,0.8947,0.6739,0.6620898842811584,0.22339114546775818,0.11451895534992218,48,16,0,0,0.0,0.0
27423,18,0.342,0.7325,0.5228,0.0498,0.37812408804893494,0.32551395893096924,0.29636192321777344,6,23,1,0,0.3562071871080222,0.0
38983,583,0.0466,0.1873,1.0,0.9245,0.6706750392913818,0.2368975430727005,0.09242743253707886,13,15,0,0,0.0,0.0
12005,206,0.0361,0.2155,1.0,0.7985,0.6875497102737427,0.21704985201358795,0.09540044516324997,15,40,0,0,0.0,0.0
11349,38,0.2103,0.4195,0.6908,0.306,0.5198525786399841,0.28775179386138916,0.19239571690559387,53,23,0,0,0.0,0.0
11662,20,0.1202,0.3848,0.5741,0.1054,0.5614750385284424,0.2206924855709076,0.21783247590065002,52,59,0,0,0.0,0.0
5147,45,0.1136,0.3536,0.7219,0.3679,0.5929036736488342,0.23684239387512207,0.1702539175748825,34,6,0,1,0.0,0.3562071871080222
39991,42,0.1342,0.5013,0.6704,0.2662,0.5597264766693115,0.23558957874774933,0.20468398928642273,33,8,0,1,0.0,0.31546487678572877
16048,24,0.1461,0.5063,0.5912,0.1293,0.5371518731117249,0.23131811618804932,0.231530100107193,86,11,0,0,0.0,0.0
32831,47,0.1932,0.2648,0.73,0.3839,0.547504723072052,0.289876252412796,0.16261900961399078,61,47,0,0,0.0,0.0
9495,277,0.0525,0.194,1.0,0.8334,0.6751299500465393,0.2304970920085907,0.09437292069196701,24,45,0,0,0.0,0.0
15484,41,0.2178,0.4765,0.6809,0.2865,0.5089333057403564,0.28810933232307434,0.2029573768377304,5,4,1,1,0.38685280723454163,0.43067655807339306
30523,92,0.0992,0.2557,0.8526,0.6099,0.624626636505127,0.24709109961986542,0.12828229367733002,63,36,0,0,0.0,0.0
16948,151,0.0665,0.1564,0.9448,0.7393,0.6634970307350159,0.23499341309070587,0.10150960832834244,57,20,0,0,0.0,0.0
30434,81,0.087,0.2577,0.8286,0.5698,0.6296840310096741,0.2375221997499466,0.13279373943805695,70,67,0,0,0.0,0.0
17066,63,0.1049,0.3001,0.7812,0.4839,0.609671950340271,0.24153007566928864,0.14879804849624634,4,3,1,1,0.43067655807339306,0.5
586,42,0.2288,0.2934,0.6704,0.2662,0.5146763920783997,0.30165421962738037,0.18366938829421997,36,8,0,1,0.0,0.31546487678572877
30775,185,0.0593,0.2014,0.9792,0.7777,0.6705593466758728,0.2305494248867035,0.09889129549264908,70,47,0,0,0.0,0.0
19153,265,0.0709,0.2733,1.0,0.8388,0.6585829854011536,0.24058260023593903,0.10083439946174622,42,3,0,1,0.0,0.5
35913,50,0.063,0.2585,0.7414,0.4066,0.6347814798355103,0.21404020488262177,0.1511783003807068,8,35,1,0,0.31546487678572877,0.0
10539,22,0.2093,0.5529,0.5912,0.1293,0.49281787872314453,0.2647676467895508,0.2424144148826599,33,42,0,0,0.0,0.0
4814,33,0.2021,0.4387,0.5993,0.1413,0.5096954107284546,0.26721304655075073,0.22309157252311707,16,29,0,0,0.0,0.0
29353,186,0.0833,0.2292,0.9823,0.7809,0.6539429426193237,0.24440167844295502,0.10165543854236603,17,31,0,0,0.0,0.0
22965,146,0.0876,0.3547,0.9371,0.73,0.6372743844985962,0.24314630031585693,0.1195792481303215,31,41,0,0,0.0,0.0
19904,37,0.2702,0.4621,0.6809,0.2865,0.4747174084186554,0.32283541560173035,0.2024471014738083,60,77,0,0,0.0,0.0
28150,267,0.0337,0.2863,1.0,0.8209,0.6832497715950012,0.21678227186203003,0.09996793419122696,6,35,1,0,0.3562071871080222,0.0
16623,81,0.2533,0.239,0.7522,0.4278,0.5089172720909119,0.33539149165153503,0.15569119155406952,43,33,0,0,0.0,0.0
30283,93,0.0414,0.273,0.8506,0.6065,0.660231351852417,0.21324747800827026,0.12652112543582916,48,72,0,0,0.0,0.0
20121,757,0.0472,0.2159,1.0,0.9408,0.667301595211029,0.23852282762527466,0.09417559951543808,17,47,0,0,0.0,0.0
13241,39,0.0991,0.3346,0.6956,0.3154,0.6002776026725769,0.22555075585842133,0.17417162656784058,64,55,0,0,0.0,0.0
25547,20,0.1502,0.5078,0.5741,0.1054,0.530684232711792,0.23168303072452545,0.23763270676136017,35,12,0,0,0.0,0.0
31975,99,0.0511,0.2003,0.8665,0.6318,0.6608321070671082,0.22135613858699799,0.11781184375286102,15,24,0,0,0.0,0.0
7004,39,0.1583,0.2751,0.6956,0.3154,0.566698431968689,0.26195698976516724,0.17134451866149902,58,2,0,1,0.0,0.6309297535714575
15816,123,0.0862,0.1705,0.9043,0.6873,0.644607663154602,0.244893878698349,0.11049838364124298,40,33,0,0,0.0,0.0
25293,20,0.1414,0.5881,0.5649,0.0936,0.5256093740463257,0.22256991267204285,0.25182071328163147,35,40,0,0,0.0,0.0
41384,137,0.0611,0.2101,0.9263,0.7165,0.6615000367164612,0.2301573008298874,0.10834266990423203,49,24,0,0,0.0,0.0
19688,56,0.1178,0.3928,0.7002,0.3247,0.584121584892273,0.23477137088775635,0.1811070293188095,27,5,0,1,0.0,0.38685280723454163
19627,112,0.0941,0.2897,0.8914,0.6691,0.6306642889976501,0.24616612493991852,0.12316964566707611,34,7,0,1,0.0,0.3333333333333333
1333,95,0.121,0.2787,0.8607,0.6227,0.6095805764198303,0.2605706751346588,0.12984873354434967,79,15,0,0,0.0,0.0
40338,80,0.1267,0.3233,0.8215,0.5574,0.5982295274734497,0.25883930921554565,0.14293120801448822,3,1,1,1,0.5,1.0
18308,33,0.3281,0.5284,0.6535,0.2342,0.42730024456977844,0.35251736640930176,0.22018232941627502,37,14,0,0,0.0,0.0
493,384,0.0432,0.2082,1.0,0.8416,0.6795645356178284,0.2256883829832077,0.09474709630012512,33,26,0,0,0.0,0.0
40394,75,0.0418,0.3214,0.7689,0.4603,0.6463360786437988,0.20442940294742584,0.14923445880413055,75,56,0,0,0.0,0.0
3017,621,0.0202,0.2049,1.0,0.9282,0.6862933039665222,0.22151008248329163,0.09219668805599213,80,23,0,0,0.0,0.0
32775,22,0.1312,0.4855,0.5552,0.0821,0.540174126625061,0.22090540826320648,0.2389204353094101,3,4,1,1,0.5,0.43067655807339306
19052,18,0.5115,0.497,0.5552,0.0821,0.2996179759502411,0.4637758135795593,0.23660621047019958,32,39,0,0,0.0,0.0
40812,53,0.105,0.3184,0.7522,0.4278,0.6049053072929382,0.23723113536834717,0.15786351263523102,29,10,0,1,0.0,0.2890648263178879
23393,91,0.1538,0.3181,0.8506,0.6065,0.5834882855415344,0.2793002426624298,0.13721147179603577,8,10,1,1,0.31546487678572877,0.2890648263178879
14588,41,0.3304,0.3393,0.7002,0.3247,0.44355660676956177,0.3751884698867798,0.18125492334365845,81,16,0,0,0.0,0.0
12678,28,0.2206,0.3565,0.6283,0.1889,0.509612500667572,0.2865731120109558,0.20381437242031097,70,14,0,0,0.0,0.0
16683,19,0.3275,0.3493,0.5649,0.0936,0.42818018794059753,0.3477824628353119,0.22403740882873535,39,52,0,0,0.0,0.0
9072,172,0.0845,0.1804,0.9235,0.7129,0.6476072072982788,0.24457386136054993,0.10781894624233246,21,22,0,0,0.0,0.0
6410,39,0.2384,0.6283,0.6809,0.2865,0.48242974281311035,0.2935236692428589,0.22404664754867554,19,36,0,0,0.0,0.0
2451,22,0.2119,0.5897,0.5912,0.1293,0.487630158662796,0.2643754482269287,0.24799442291259766,3,6,1,1,0.5,0.3562071871080222
20514,26,0.2185,0.4202,0.607,0.1534,0.5020668506622314,0.27907100319862366,0.21886217594146729,54,85,0,0,0.0,0.0
29276,209,0.0358,0.1899,1.0,0.8029,0.6886727213859558,0.21775032579898834,0.09357704967260361,32,49,0,0,0.0,0.0
2100,18,0.221,0.474,0.5552,0.0821,0.4851016104221344,0.2716464400291443,0.24325186014175415,25,24,0,0,0.0,0.0
41290,29,0.1527,0.4983,0.6413,0.2119,0.54343581199646,0.2417742908000946,0.21478994190692902,48,12,0,0,0.0,0.0
8726,71,0.0603,0.2279,0.8064,0.5306,0.6462098360061646,0.22073376178741455,0.1330564171075821,5,9,1,1,0.38685280723454163,0.3010299956639812
5980,44,0.1186,0.2807,0.7092,0.3425,0.5939338207244873,0.24021895229816437,0.16584719717502594,3,2,1,1,0.5,0.6309297535714575
19625,53,0.1105,0.2383,0.7136,0.3512,0.6029992699623108,0.2374718338251114,0.15952888131141663,2,3,1,1,0.6309297535714575,0.5
21715,109,0.1285,0.1957,0.8846,0.6592,0.6123154163360596,0.2694493532180786,0.1182352751493454,39,9,0,1,0.0,0.3010299956639812
37814,30,0.2545,0.4372,0.6215,0.1771,0.47926414012908936,0.3029612600803375,0.2177746742963791,70,30,0,0,0.0,0.0
11705,84,0.1706,0.229,0.7984,0.5159,0.5720832943916321,0.2867892384529114,0.14112748205661774,70,13,0,0,0.0,0.0
13344,19,0.178,0.7441,0.545,0.0709,0.48151910305023193,0.2322998195886612,0.28618112206459045,15,60,0,0,0.0,0.0
8774,261,0.0822,0.1858,1.0,0.8334,0.6561642289161682,0.24856242537498474,0.09527334570884705,53,8,0,1,0.0,0.31546487678572877
39109,19,0.2564,0.4562,0.5649,0.0936,0.4660727083683014,0.2951621115207672,0.23876522481441498,9,13,1,0,0.3010299956639812,0.0
24283,114,0.1631,0.3365,0.8846,0.6592,0.57993483543396,0.2880542278289795,0.13201093673706055,57,17,0,0,0.0,0.0
34977,19,0.1763,0.5025,0.5649,0.0936,0.5128457546234131,0.24538002908229828,0.24177417159080505,52,85,0,0,0.0,0.0
33081,80,0.1,0.2654,0.7219,0.3679,0.6086134314537048,0.23181656002998352,0.15956993401050568,49,42,0,0,0.0,0.0
18137,19,0.3095,0.3586,0.5649,0.0936,0.43941783905029297,0.3351183533668518,0.2254638373851776,24,7,0,1,0.0,0.3333333333333333
10979,100,0.1209,0.3439,0.8526,0.6099,0.6044203639030457,0.25796476006507874,0.13761486113071442,73,77,0,0,0.0,0.0
17150,35,0.0961,0.339,0.6649,0.2557,0.5973741412162781,0.21962830424308777,0.18299750983715057,46,40,0,0,0.0,0.0
31896,24,0.4599,0.3775,0.607,0.1534,0.3449500799179077,0.4463184177875519,0.2087314873933792,18,5,0,1,0.0,0.38685280723454163
37260,102,0.0617,0.3103,0.8645,0.6288,0.6468021273612976,0.22480054199695587,0.12839731574058533,88,78,0,0,0.0,0.0
22497,21,0.2794,0.4272,0.5829,0.1173,0.4570682942867279,0.31366822123527527,0.22926348447799683,2,2,1,1,0.6309297535714575,0.6309297535714575
7557,99,0.2218,0.2934,0.8607,0.6227,0.5379211902618408,0.32721421122550964,0.13486456871032715,76,71,0,0,0.0,0.0
30984,77,0.0635,0.2773,0.8116,0.5399,0.6413756608963013,0.22186481952667236,0.13675956428050995,74,4,0,1,0.0,0.43067655807339306
4932,120,0.0519,0.2416,0.9012,0.6829,0.6621649265289307,0.22307045757770538,0.11476467549800873,33,79,0,0,0.0,0.0
9369,120,0.1379,0.2428,0.9043,0.6873,0.6054949760437012,0.2756630480289459,0.11884203553199768,43,29,0,0,0.0,0.0
15055,169,0.0462,0.1967,0.9616,0.7588,0.6765853762626648,0.22280605137348175,0.10060859471559525,28,21,0,0,0.0,0.0
26395,33,0.21,0.4606,0.6649,0.2557,0.5132735371589661,0.2811397612094879,0.20558671653270721,29,18,0,0,0.0,0.0
36694,98,0.1097,0.2094,0.8011,0.5209,0.6150098443031311,0.24933350086212158,0.1356566846370697,68,6,0,1,0.0,0.3562071871080222
24267,103,0.1599,0.2547,0.8626,0.6258,0.5845444798469543,0.2864104211330414,0.12904508411884308,24,9,0,1,0.0,0.3010299956639812
5985,113,0.0393,0.2992,0.8931,0.6715,0.6653629541397095,0.21440047025680542,0.12023662775754929,45,33,0,0,0.0,0.0
26211,295,0.0352,0.154,1.0,0.8563,0.6860061287879944,0.2234996110200882,0.09049419313669205,27,9,0,1,0.0,0.3010299956639812
857,73,0.1044,0.3111,0.8038,0.5258,0.6118077039718628,0.2436666339635849,0.1445256620645523,12,5,0,1,0.0,0.38685280723454163
17684,327,0.022,0.1837,1.0,0.8677,0.6917246580123901,0.21666471660137177,0.09161060303449631,1,4,1,1,1.0,0.43067655807339306
35278,151,0.0429,0.2169,0.9436,0.7378,0.6750174164772034,0.22013291716575623,0.10484965890645981,87,7,0,1,0.0,0.3333333333333333
8141,32,0.1819,0.4841,0.6593,0.2451,0.5288876891136169,0.2620640993118286,0.20904824137687683,37,55,0,0,0.0,0.0
37955,366,0.0491,0.1507,1.0,0.8714,0.6759076714515686,0.23329168558120728,0.09080056101083755,41,26,0,0,0.0,0.0
24470,90,0.095,0.3421,0.8464,0.5997,0.6209245324134827,0.2417616993188858,0.13731376826763153,85,61,0,0,0.0,0.0
17526,25,0.1863,0.4687,0.6144,0.1653,0.519940972328186,0.258518785238266,0.22154025733470917,48,53,0,0,0.0,0.0
25268,37,0.0755,0.4451,0.6475,0.2231,0.597453236579895,0.20322810113430023,0.19931869208812714,15,7,0,1,0.0,0.3333333333333333
24677,279,0.0588,0.195,1.0,0.8158,0.6726840734481812,0.23231607675552368,0.09499979764223099,88,9,0,1,0.0,0.3010299956639812
7127,134,0.0531,0.2149,0.9089,0.6936,0.6640074849128723,0.22469107806682587,0.11130145937204361,19,17,0,0,0.0,0.0
15585,35,0.1037,0.2472,0.6593,0.2451,0.5996341109275818,0.2259768694639206,0.17438904941082,44,17,0,0,0.0,0.0
31202,194,0.0457,0.2753,0.9639,0.7613,0.6728566288948059,0.22111551463603973,0.10602779686450958,60,8,0,1,0.0,0.31546487678572877
1554,103,0.0487,0.2721,0.8739,0.6433,0.6587008833885193,0.21901114284992218,0.12228795886039734,38,59,0,0,0.0,0.0
36939,20,0.2408,0.4376,0.5741,0.1054,0.47974714636802673,0.28759753704071045,0.2326553612947464,48,63,0,0,0.0,0.0
21790,117,0.1302,0.2266,0.8116,0.5399,0.6012584567070007,0.26267772912979126,0.13606379926204681,10,6,1,1,0.2890648263178879,0.3562071871080222
14754,238,0.0634,0.1635,1.0,0.8127,0.6716033816337585,0.23526933789253235,0.09312726557254791,37,70,0,0,0.0,0.0
4088,119,0.0515,0.308,0.9012,0.6829,0.6582964062690735,0.22145697474479675,0.12024656683206558,78,64,0,0,0.0,0.0
30725,701,0.0373,0.1841,1.0,0.9327,0.6760627031326294,0.23229287564754486,0.09164431691169739,26,8,0,1,0.0,0.31546487678572877
20128,56,0.1764,0.3221,0.6757,0.2765,0.5484901070594788,0.26812469959259033,0.18338507413864136,24,49,0,0,0.0,0.0
27156,87,0.1287,0.2961,0.8399,0.589,0.6008132696151733,0.2628956437110901,0.13629113137722015,44,8,0,1,0.0,0.31546487678572877
7690,212,0.067,0.1542,1.0,0.7994,0.6709997653961182,0.23614636063575745,0.09285394102334976,62,6,0,1,0.0,0.3562071871080222
9293,256,0.0809,0.3013,1.0,0.8322,0.6511420607566833,0.2453635185956955,0.10349433869123459,74,36,0,0,0.0,0.0
2808,18,0.1046,0.4395,0.4837,0.0235,0.5414738655090332,0.20624767243862152,0.25227853655815125,89,99,0,0,0.0,0.0
2328,25,0.2518,0.3366,0.6144,0.1653,0.488221675157547,0.30529317259788513,0.20648516714572906,77,3,0,1,0.0,0.5
20263,51,0.1169,0.2524,0.7414,0.4066,0.6009076237678528,0.24468563497066498,0.15440674126148224,47,11,0,0,0.0,0.0
32517,83,0.1356,0.4129,0.8355,0.5815,0.5877243876457214,0.26319655776023865,0.1490791141986847,31,13,0,0,0.0,0.0
7636,29,0.1004,0.4454,0.6349,0.2005,0.5799852013587952,0.21450340747833252,0.2055114060640335,16,24,0,0,0.0,0.0
6412,50,0.1116,0.4353,0.7414,0.4066,0.590040922164917,0.23584501445293427,0.17411409318447113,4,4,1,1,0.43067655807339306,0.43067655807339306
40743,36,0.0845,0.4447,0.6757,0.2765,0.596767008304596,0.21148620545864105,0.1917468011379242,74,53,0,0,0.0,0.0
35348,18,0.1339,0.3937,0.5552,0.0821,0.5477990508079529,0.22615069150924683,0.22605028748512268,42,23,0,0,0.0,0.0
8981,140,0.0947,0.1646,0.8846,0.6592,0.6369457244873047,0.24901607632637024,0.11403819918632507,68,43,0,0,0.0,0.0
25819,436,0.0075,0.1941,1.0,0.8665,0.7001911401748657,0.2083139717578888,0.09149482846260071,75,22,0,0,0.0,0.0
30070,19,0.1749,0.4119,0.5552,0.0821,0.5203452110290527,0.24796447157859802,0.23169027268886566,40,28,0,0,0.0,0.0
24640,57,0.097,0.4429,0.7624,0.4477,0.6015121340751648,0.23025552928447723,0.1682322770357132,45,5,0,1,0.0,0.38685280723454163
35486,52,0.1156,0.2943,0.7486,0.4209,0.5994225740432739,0.24365901947021484,0.15691837668418884,11,73,0,0,0.0,0.0
27860,57,0.1131,0.3251,0.7656,0.4541,0.600688636302948,0.24358104169368744,0.15573030710220337,49,4,0,1,0.0,0.43067655807339306
10260,32,0.203,0.3904,0.6593,0.2451,0.523016631603241,0.27901798486709595,0.19796539843082428,8,28,1,0,0.31546487678572877,0.0
39332,81,0.167,0.2597,0.8166,0.5488,0.5743960738182068,0.28582000732421875,0.13978397846221924,86,72,0,0,0.0,0.0
6518,55,0.1752,0.3569,0.726,0.376,0.5525413751602173,0.274258553981781,0.17320004105567932,98,83,0,0,0.0,0.0
32341,67,0.0826,0.2716,0.7871,0.495,0.626799464225769,0.23011739552021027,0.1430831104516983,85,100,0,0,0.0,0.0
27148,20,0.3767,0.3743,0.5741,0.1054,0.39528146386146545,0.38128650188446045,0.22343198955059052,89,90,0,0,0.0,0.0
18601,267,0.0293,0.1689,1.0,0.8394,0.6904933452606201,0.21814048290252686,0.09136617183685303,15,48,0,0,0.0,0.0
2048,67,0.1021,0.2721,0.7136,0.3512,0.6057613492012024,0.2316480427980423,0.16259056329727173,12,9,0,1,0.0,0.3010299956639812
24596,187,0.045,0.218,0.9498,0.7452,0.6745022535324097,0.22147244215011597,0.10402529686689377,14,8,0,1,0.0,0.31546487678572877
14487,48,0.1966,0.2445,0.7338,0.3916,0.5469380021095276,0.29350608587265015,0.15955591201782227,36,78,0,0,0.0,0.0
29455,178,0.1674,0.1605,0.8665,0.6318,0.5851888060569763,0.2944936752319336,0.12031745165586472,40,66,0,0,0.0,0.0
29526,28,0.2542,0.2389,0.6349,0.2005,0.49704253673553467,0.31491371989250183,0.1880437582731247,10,10,1,1,0.2890648263178879,0.2890648263178879
15753,21,0.2163,0.4128,0.5829,0.1173,0.49966514110565186,0.2749505043029785,0.22538435459136963,20,8,0,1,0.0,0.31546487678572877
24070,237,0.0221,0.2003,1.0,0.823,0.6947965621948242,0.2119418829679489,0.09326154738664627,9,27,1,0,0.3010299956639812,0.0
6538,246,0.0951,0.141,0.9771,0.7755,0.6499054431915283,0.25336718559265137,0.09672731161117554,63,43,0,0,0.0,0.0
24371,23,0.2563,0.4339,0.5993,0.1413,0.4746718108654022,0.30083340406417847,0.2244948148727417,29,5,0,1,0.0,0.38685280723454163
35793,20,0.0868,0.4925,0.545,0.0709,0.5635591745376587,0.19758231937885284,0.23885850608348846,35,48,0,0,0.0,0.0
23822,32,0.0708,0.5183,0.6144,0.1653,0.5866179466247559,0.19468380510807037,0.21869821846485138,8,24,1,0,0.31546487678572877,0.0
3892,41,0.1741,0.3563,0.6593,0.2451,0.5450032353401184,0.2627767324447632,0.1922200322151184,72,7,0,1,0.0,0.3333333333333333
26451,65,0.1272,0.333,0.7871,0.495,0.593291163444519,0.2546139061450958,0.15209484100341797,30,12,0,0,0.0,0.0
18392,46,0.122,0.3504,0.7219,0.3679,0.5877406597137451,0.2417849749326706,0.1704743504524231,3,6,1,1,0.5,0.3562071871080222
12643,183,0.0887,0.1749,0.9781,0.7766,0.6525904536247253,0.24874365329742432,0.09866584092378616,12,32,0,0,0.0,0.0
8035,18,0.4175,0.469,0.5552,0.0821,0.35912105441093445,0.40003517270088196,0.2408437728881836,82,15,0,0,0.0,0.0
30148,69,0.1333,0.4375,0.7871,0.495,0.5815005898475647,0.25493916869163513,0.1635601818561554,46,11,0,0,0.0,0.0
6071,40,0.1308,0.4071,0.6859,0.2963,0.5726017951965332,0.23950958251953125,0.18788865208625793,12,1,0,1,0.0,1.0
38835,51,0.1587,0.2712,0.7451,0.4138,0.5721247792243958,0.2700345814228058,0.15784066915512085,2,12,1,0,0.6309297535714575,0.0
1304,18,0.3869,0.3679,0.5552,0.0821,0.3858641982078552,0.38617029786109924,0.2279655486345291,39,15,0,0,0.0,0.0
40576,26,0.2373,0.4269,0.6215,0.1771,0.4915470778942108,0.2925719916820526,0.2158808708190918,49,30,0,0,0.0,0.0
40146,374,0.0381,0.1183,1.0,0.8774,0.6839597225189209,0.2279740869998932,0.08806613832712173,41,46,0,0,0.0,0.0
16244,40,0.1066,0.4061,0.7002,0.3247,0.5901035666465759,0.22805824875831604,0.18183815479278564,37,2,0,1,0.0,0.6309297535714575
8312,98,0.0569,0.2632,0.8626,0.6258,0.6526904106140137,0.22300538420677185,0.12430420517921448,70,5,0,1,0.0,0.38685280723454163
13674,18,0.2401,0.549,0.545,0.0709,0.46347013115882874,0.27787601947784424,0.2586539089679718,5,2,1,1,0.38685280723454163,0.6309297535714575
39099,46,0.2187,0.3341,0.7219,0.3679,0.5240939259529114,0.3024403154850006,0.17346571385860443,37,38,0,0,0.0,0.0
36468,30,0.1818,0.2878,0.6349,0.2005,0.5420978665351868,0.26657870411872864,0.19132345914840698,17,9,0,1,0.0,0.3010299956639812
13815,26,0.0793,0.4594,0.607,0.1534,0.5859857797622681,0.20010223984718323,0.21391195058822632,74,55,0,0,0.0,0.0
14410,309,0.079,0.1778,1.0,0.8353,0.6585013270378113,0.2469508945941925,0.094547800719738,40,40,0,0,0.0,0.0
15529,316,0.0324,0.1801,1.0,0.8624,0.6859005689620972,0.22209732234477997,0.09200211614370346,42,23,0,0,0.0,0.0
37593,24,0.2074,0.302,0.607,0.1534,0.519559919834137,0.2777899205684662,0.20265015959739685,30,4,0,1,0.0,0.43067655807339306
39571,37,0.2062,0.4243,0.6859,0.2963,0.5216164588928223,0.28407421708106995,0.19430938363075256,8,44,1,0,0.31546487678572877,0.0
187,242,0.0472,0.23,1.0,0.8277,0.6771753430366516,0.22617143392562866,0.09665318578481674,54,34,0,0,0.0,0.0
18470,57,0.1251,0.4384,0.7556,0.4346,0.5828900933265686,0.24559199810028076,0.17151792347431183,50,10,0,1,0.0,0.2890648263178879
9591,22,0.2447,0.4263,0.5912,0.1293,0.4814927577972412,0.29280421137809753,0.22570304572582245,14,4,0,1,0.0,0.43067655807339306
8597,100,0.1473,0.2255,0.8626,0.6258,0.5950749516487122,0.2789912521839142,0.12593381106853485,65,5,0,1,0.0,0.38685280723454163
37013,31,0.1952,0.2955,0.6349,0.2005,0.5325695872306824,0.2744685113430023,0.19296185672283173,82,13,0,0,0.0,0.0
37288,45,0.1278,0.2172,0.7136,0.3512,0.5933416485786438,0.2482542246580124,0.15840408205986023,46,25,0,0,0.0,0.0
11615,71,0.1228,0.1936,0.8011,0.5209,0.6073257327079773,0.2577701508998871,0.13490411639213562,15,20,0,0,0.0,0.0
7260,198,0.0651,0.196,0.9933,0.792,0.6691951155662537,0.23416565358638763,0.09663921594619751,36,10,0,1,0.0,0.2890648263178879
1582,31,0.1855,0.3465,0.6413,0.2119,0.5356990098953247,0.2673250734806061,0.19697590172290802,84,72,0,0,0.0,0.0
8754,49,0.0341,0.2825,0.7338,0.3916,0.6495455503463745,0.19737115502357483,0.15308326482772827,4,18,1,0,0.43067655807339306,0.0
921,33,0.1121,0.4664,0.6649,0.2557,0.5759450793266296,0.22394606471061707,0.20010879635810852,28,17,0,0,0.0,0.0
23788,27,0.4749,0.4165,0.6283,0.1889,0.33513182401657104,0.4589388370513916,0.20592930912971497,21,4,0,1,0.0,0.43067655807339306
15863,47,0.2808,0.2438,0.726,0.376,0.48690265417099,0.3497459888458252,0.16335132718086243,29,91,0,0,0.0,0.0
21543,136,0.0881,0.1633,0.9221,0.7111,0.6459974646568298,0.24706925451755524,0.10693323612213135,12,58,0,0,0.0,0.0
963,282,0.086,0.1907,1.0,0.8491,0.6518406271934509,0.25259894132614136,0.09556044638156891,33,16,0,0,0.0,0.0
11606,255,0.0356,0.164,1.0,0.8322,0.6874624490737915,0.22106797993183136,0.09146957099437714,53,31,0,0,0.0,0.0
17720,21,0.2017,0.4845,0.5649,0.0936,0.4985805153846741,0.26073330640792847,0.24068622291088104,63,93,0,0,0.0,0.0
3283,133,0.0953,0.2238,0.9164,0.7036,0.6370708346366882,0.24988827109336853,0.11304091662168503,17,58,0,0,0.0,0.0
8396,43,0.1823,0.2742,0.7048,0.3337,0.5516784191131592,0.2783663868904114,0.16995511949062347,42,45,0,0,0.0,0.0
27967,48,0.3058,0.6589,0.545,0.0709,0.4120238721370697,0.3108977973461151,0.2770783603191376,7,18,1,0,0.3333333333333333,0.0
34664,67,0.1548,0.1864,0.7928,0.5057,0.5852198600769043,0.27713659405708313,0.13764342665672302,18,22,0,0,0.0,0.0
7468,55,0.1615,0.3525,0.7377,0.3992,0.563408613204956,0.2677779495716095,0.16881343722343445,31,5,0,1,0.0,0.38685280723454163
4114,44,0.1452,0.417,0.7178,0.3596,0.5667252540588379,0.25243091583251953,0.1808438003063202,12,13,0,0,0.0,0.0
31535,131,0.0732,0.2995,0.8996,0.6807,0.6447832584381104,0.23401780426502228,0.12119892984628677,14,18,0,0,0.0,0.0
29749,22,0.235,0.4795,0.5912,0.1293,0.4831172227859497,0.2839852571487427,0.23289747536182404,11,2,0,1,0.0,0.6309297535714575
24028,33,0.3672,0.3761,0.6535,0.2342,0.4115716516971588,0.38933733105659485,0.19909103214740753,38,7,0,1,0.0,0.3333333333333333
33812,26,0.2464,0.5141,0.6215,0.1771,0.47804367542266846,0.29374295473098755,0.2282133847475052,93,59,0,0,0.0,0.0
7192,81,0.1146,0.2561,0.8191,0.5532,0.610577404499054,0.2530755400657654,0.13634712994098663,41,16,0,0,0.0,0.0
29974,65,0.1526,0.1967,0.7871,0.495,0.5855294466018677,0.27464503049850464,0.13982553780078888,51,11,0,0,0.0,0.0
33214,142,0.031,0.3018,0.9345,0.7268,0.6761212944984436,0.2116418331861496,0.11223684251308441,63,82,0,0,0.0,0.0
14766,234,0.058,0.2655,1.0,0.8216,0.6689717173576355,0.23119112849235535,0.09983719885349274,60,93,0,0,0.0,0.0
2714,139,0.0877,0.226,0.9235,0.7129,0.642914891242981,0.2455364316701889,0.11154870688915253,91,86,0,0,0.0,0.0
34349,18,0.3532,0.3711,0.545,0.0709,0.4057995080947876,0.3614566922187805,0.2327437847852707,9,6,1,1,0.3010299956639812,0.3562071871080222
38989,97,0.0813,0.2024,0.7414,0.4066,0.6275362372398376,0.2255934327840805,0.14687037467956543,50,63,0,0,0.0,0.0
30348,420,0.0339,0.1498,1.0,0.8956,0.6833992600440979,0.22692787647247314,0.08967287093400955,4,20,1,0,0.43067655807339306,0.0
1935,206,0.101,0.2865,0.9277,0.7183,0.6311376094818115,0.25249385833740234,0.1163686141371727,2,3,1,1,0.6309297535714575,0.5
3904,68,0.1858,0.3369,0.79,0.5004,0.553507387638092,0.29188448190689087,0.15460817515850067,77,82,0,0,0.0,0.0
31703,145,0.0876,0.2177,0.9207,0.7093,0.6430829167366028,0.24553430080413818,0.11138277500867844,79,53,0,0,0.0,0.0
26682,1356,0.0382,0.1708,1.0,0.9662,0.6729559898376465,0.23666433990001678,0.09037961810827255,75,10,0,1,0.0,0.2890648263178879
28320,904,0.0127,0.1995,1.0,0.9507,0.6892091035842896,0.21963293850421906,0.0911579355597496,49,18,0,0,0.0,0.0
7106,43,0.0912,0.4967,0.7092,0.3425,0.5931159853935242,0.21795161068439484,0.18893232941627502,19,35,0,0,0.0,0.0
32405,77,0.0766,0.3093,0.8215,0.5574,0.6320138573646545,0.22947503626346588,0.1385110765695572,12,13,0,0,0.0,0.0
29479,49,0.4014,0.2194,0.6908,0.306,0.3999182879924774,0.43210268020629883,0.16797904670238495,62,59,0,0,0.0,0.0
4780,123,0.1114,0.2497,0.9043,0.6873,0.6232045292854309,0.2585935890674591,0.118201844394207,35,24,0,0,0.0,0.0
5271,21,0.3621,0.2808,0.5829,0.1173,0.41293004155158997,0.3785057067871094,0.20856425166130066,94,97,0,0,0.0,0.0
21438,25,0.1184,0.5314,0.6144,0.1653,0.5565882921218872,0.21820364892482758,0.2252080738544464,13,16,0,0,0.0,0.0
9882,33,0.0933,0.4054,0.6593,0.2451,0.592297375202179,0.21523316204547882,0.192469522356987,41,61,0,0,0.0,0.0
4271,340,0.0129,0.1864,1.0,0.8714,0.6968620419502258,0.21190129220485687,0.0912366434931755,56,16,0,0,0.0,0.0
8326,80,0.0648,0.2839,0.8263,0.5657,0.6418649554252625,0.2238779217004776,0.13425713777542114,20,31,0,0,0.0,0.0
18342,43,0.1847,0.2218,0.7136,0.3512,0.5548069477081299,0.28328490257263184,0.16190814971923828,89,70,0,0,0.0,0.0
36040,58,0.118,0.303,0.7656,0.4541,0.5991231203079224,0.24714867770671844,0.1537282019853592,64,21,0,0,0.0,0.0
21612,22,0.1207,0.4288,0.5829,0.1173,0.5587741136550903,0.2200375646352768,0.2211882770061493,60,80,0,0,0.0,0.0
25261,22,0.2268,0.5895,0.5829,0.1173,0.4764906167984009,0.2720133066177368,0.25149598717689514,51,71,0,0,0.0,0.0
34966,247,0.0476,0.2215,1.0,0.7994,0.6799589991569519,0.22359035909175873,0.09645064920186996,88,51,0,0,0.0,0.0
19602,227,0.0329,0.2475,1.0,0.8143,0.6864293217658997,0.21632377803325653,0.09724681079387665,54,68,0,0,0.0,0.0
41015,22,0.1846,0.4528,0.5342,0.0601,0.5051597952842712,0.2499392330646515,0.2449009269475937,84,88,0,0,0.0,0.0
33316,41,0.1361,0.4872,0.6908,0.306,0.562915027141571,0.24032247066497803,0.1967625617980957,2,2,1,1,0.6309297535714575,0.6309297535714575
28589,74,0.1365,0.2465,0.8116,0.5399,0.5956873297691345,0.2660458981990814,0.13826677203178406,78,51,0,0,0.0,0.0
6528,30,0.351,0.5372,0.6349,0.2005,0.40909504890441895,0.3637149930000305,0.22718995809555054,12,20,0,0,0.0,0.0
39075,18,0.255,0.5292,0.5552,0.0821,0.4582426846027374,0.28903332352638245,0.2527239918708801,34,11,0,0,0.0,0.0
36251,273,0.0642,0.2087,1.0,0.8187,0.668225109577179,0.23558886349201202,0.09618602693080902,41,26,0,0,0.0,0.0
14340,109,0.0493,0.2655,0.8587,0.6196,0.656827986240387,0.2183971256017685,0.12477488070726395,76,52,0,0,0.0,0.0
28577,128,0.0702,0.1755,0.9149,0.7016,0.6561219692230225,0.23571647703647614,0.10816151648759842,21,35,0,0,0.0,0.0
29951,126,0.0308,0.2893,0.9119,0.6977,0.6737999320030212,0.21089835464954376,0.115301713347435,43,65,0,0,0.0,0.0
15250,1342,0.0606,0.1785,1.0,0.9665,0.657817542552948,0.25025254487991333,0.09192992746829987,53,41,0,0,0.0,0.0
27531,178,0.0656,0.1553,0.976,0.7744,0.6684490442276001,0.23508407175540924,0.09646683186292648,14,10,0,1,0.0,0.2890648263178879
22520,23,0.5736,0.5155,0.5993,0.1413,0.26761382818222046,0.5149285197257996,0.21745765209197998,43,6,0,1,0.0,0.3562071871080222
30062,57,0.2029,0.3097,0.7656,0.4541,0.5410497784614563,0.3004208207130432,0.15852943062782288,38,45,0,0,0.0,0.0
26489,46,0.0748,0.3299,0.6283,0.1889,0.6052577495574951,0.20432202517986298,0.1904202103614807,66,94,0,0,0.0,0.0
27687,59,0.196,0.2493,0.759,0.4412,0.5493646860122681,0.29702773690223694,0.15360762178897858,59,47,0,0,0.0,0.0
6300,98,0.0457,0.1896,0.8645,0.6288,0.6646314263343811,0.21841689944267273,0.11695177853107452,14,42,0,0,0.0,0.0
20800,79,0.1992,0.346,0.8263,0.5657,0.5472825169563293,0.3055422604084015,0.14717526733875275,91,8,0,1,0.0,0.31546487678572877
28348,382,0.0378,0.1575,1.0,0.8872,0.6813240647315979,0.22819511592388153,0.0904807597398758,72,16,0,0,0.0,0.0
36579,84,0.1144,0.4326,0.7812,0.4839,0.5935400128364563,0.2430889904499054,0.1633709818124771,14,7,0,1,0.0,0.3333333333333333
17031,144,0.0308,0.169,0.9358,0.7284,0.6841557621955872,0.21398986876010895,0.10185444355010986,14,20,0,0,0.0,0.0
24853,43,0.1471,0.2377,0.7136,0.3512,0.57904052734375,0.25920143723487854,0.16175800561904907,30,3,0,1,0.0,0.5
10141,124,0.1,0.259,0.8947,0.6739,0.6290547251701355,0.25072115659713745,0.12022407352924347,47,22,0,0,0.0,0.0
31394,108,0.0845,0.317,0.8811,0.6541,0.6338797211647034,0.23906421661376953,0.1270560324192047,22,26,0,0,0.0,0.0
4382,23,0.2132,0.4637,0.5993,0.1413,0.5002342462539673,0.27264195680618286,0.22712384164333344,22,58,0,0,0.0,0.0
38030,22,0.1678,0.5188,0.5912,0.1293,0.5223600268363953,0.2426985204219818,0.23494139313697815,74,13,0,0,0.0,0.0
5672,378,0.0537,0.2082,1.0,0.8852,0.6687585711479187,0.23652079701423645,0.09472065418958664,10,3,1,1,0.2890648263178879,0.5
37843,145,0.1946,0.2095,0.9358,0.7284,0.5709345936775208,0.3168148994445801,0.11225058138370514,81,9,0,1,0.0,0.3010299956639812
28677,216,0.1367,0.2223,1.0,0.8104,0.6194354295730591,0.28007054328918457,0.10049393773078918,30,17,0,0,0.0,0.0
6379,215,0.1202,0.3135,0.9249,0.7148,0.6162115931510925,0.26369509100914,0.12009336054325104,35,27,0,0,0.0,0.0
24756,21,0.1355,0.4663,0.5829,0.1173,0.5459172129631042,0.2264038622379303,0.22767890989780426,85,43,0,0,0.0,0.0
8614,112,0.0534,0.2627,0.8829,0.6567,0.657518744468689,0.22243084013462067,0.12005047500133514,36,34,0,0,0.0,0.0
3834,18,0.1929,0.5036,0.5552,0.0821,0.5000513195991516,0.25378912687301636,0.24615950882434845,8,2,1,1,0.31546487678572877,0.6309297535714575
21899,180,0.0802,0.2113,0.975,0.7733,0.6558571457862854,0.24278250336647034,0.10136035829782486,43,21,0,0,0.0,0.0
8036,191,0.0275,0.2102,0.9864,0.7851,0.6910977959632874,0.21230296790599823,0.09659919142723083,24,11,0,0,0.0,0.0
37692,158,0.0255,0.2587,0.951,0.7466,0.6844378113746643,0.20988310873508453,0.10567905753850937,92,43,0,0,0.0,0.0
23508,242,0.0317,0.1935,1.0,0.8257,0.6889836192131042,0.2177027314901352,0.09331365674734116,71,87,0,0,0.0,0.0
28079,20,0.1739,0.5638,0.5342,0.0601,0.5005083084106445,0.23853527009487152,0.26095637679100037,20,12,0,0,0.0,0.0
3181,338,0.0359,0.2034,1.0,0.8722,0.6816147565841675,0.22474753856658936,0.09363775700330734,30,73,0,0,0.0,0.0
37401,28,0.1031,0.5652,0.6349,0.2005,0.5665990114212036,0.2115422636270523,0.22185873985290527,6,13,1,0,0.3562071871080222,0.0
20799,23,0.4523,0.3469,0.5741,0.1054,0.3476838767528534,0.43696218729019165,0.21535389125347137,14,41,0,0,0.0,0.0
23331,237,0.0297,0.1866,0.9854,0.7841,0.6908478736877441,0.21390938758850098,0.09524271637201309,5,33,1,0,0.38685280723454163,0.0
40217,188,0.1007,0.1941,0.9833,0.782,0.6443251967430115,0.255892276763916,0.09978248178958893,89,87,0,0,0.0,0.0
33468,202,0.038,0.1973,0.9833,0.782,0.6848293542861938,0.21838787198066711,0.09678274393081665,76,63,0,0,0.0,0.0
14218,159,0.0494,0.2244,0.951,0.7466,0.6715412139892578,0.22389526665210724,0.10456348210573196,7,20,1,0,0.3333333333333333,0.0
10289,51,0.0641,0.2834,0.7414,0.4066,0.6321756839752197,0.21398381888866425,0.15384051203727722,68,74,0,0,0.0,0.0
31932,18,0.5626,0.3234,0.545,0.0709,0.27704691886901855,0.5135615468025208,0.2093915343284607,9,10,1,1,0.3010299956639812,0.2890648263178879
14958,188,0.0569,0.2513,0.9884,0.7871,0.6707926392555237,0.22830741107463837,0.10089991241693497,19,27,0,0,0.0,0.0
7124,72,0.0804,0.3036,0.809,0.5353,0.6284762024879456,0.23049315810203552,0.14103062450885773,82,30,0,0,0.0,0.0
23261,49,0.1266,0.3034,0.7377,0.3992,0.5903096795082092,0.2483031302690506,0.16138717532157898,25,5,0,1,0.0,0.38685280723454163
24392,79,0.0404,0.2712,0.8239,0.5616,0.6576586961746216,0.21049652993679047,0.13184475898742676,43,3,0,1,0.0,0.5
7545,68,0.1718,0.2959,0.79,0.5004,0.565990686416626,0.2841949760913849,0.14981430768966675,71,95,0,0,0.0,0.0
39948,38,0.1948,0.3445,0.6809,0.2865,0.5350525379180908,0.2794680595397949,0.18547940254211426,19,33,0,0,0.0,0.0
15086,70,0.1985,0.4051,0.7002,0.3247,0.5300799012184143,0.28258538246154785,0.18733468651771545,26,62,0,0,0.0,0.0
28510,39,0.1394,0.3805,0.6956,0.3154,0.5706382393836975,0.24689383804798126,0.18246793746948242,34,7,0,1,0.0,0.3333333333333333
1604,51,0.1306,0.3108,0.7451,0.4138,0.5879631042480469,0.2515161335468292,0.1605207473039627,59,53,0,0,0.0,0.0
17850,28,0.162,0.274,0.6283,0.1889,0.5552623271942139,0.2543429732322693,0.19039477407932281,8,2,1,1,0.31546487678572877,0.6309297535714575
37519,19,0.2168,0.7571,0.5649,0.0936,0.4617941081523895,0.2546021342277527,0.2836037576198578,74,62,0,0,0.0,0.0
12039,179,0.0493,0.2082,0.9706,0.7686,0.6753040552139282,0.22451357543468475,0.10018236190080643,94,34,0,0,0.0,0.0
18186,26,0.2206,0.3703,0.607,0.1534,0.5050174593925476,0.2827818989753723,0.2122005820274353,52,74,0,0,0.0,0.0
20519,23,0.2079,0.4787,0.5912,0.1293,0.5007011294364929,0.2676880955696106,0.23161080479621887,7,27,1,0,0.3333333333333333,0.0
22566,87,0.1384,0.3685,0.8399,0.589,0.5894242525100708,0.266818642616272,0.14375711977481842,7,36,1,0,0.3333333333333333,0.0
23297,87,0.1141,0.2904,0.8421,0.5926,0.6112534999847412,0.2542415261268616,0.13450491428375244,26,4,0,1,0.0,0.43067655807339306
403,35,0.281,0.284,0.6757,0.2765,0.47976377606391907,0.33821332454681396,0.18202295899391174,1,1,1,1,1.0,1.0
12105,83,0.0952,0.2433,0.8263,0.5657,0.6250467896461487,0.2424873560667038,0.1324659287929535,81,18,0,0,0.0,0.0
9507,323,0.0401,0.1532,1.0,0.8669,0.6819648146629333,0.2274683713912964,0.09056675434112549,2,6,1,1,0.6309297535714575,0.3562071871080222
26636,24,0.0889,0.5125,0.5741,0.1054,0.5674530863761902,0.19989876449108124,0.232648104429245,55,17,0,0,0.0,0.0
4546,50,0.1353,0.3495,0.7377,0.3992,0.5810479521751404,0.2519640028476715,0.1669880449771881,8,15,1,0,0.31546487678572877,0.0
9440,313,0.0276,0.1566,1.0,0.8616,0.690156102180481,0.21964681148529053,0.09019704163074493,56,10,0,1,0.0,0.2890648263178879
1896,84,0.1271,0.2804,0.8141,0.5444,0.6000359058380127,0.2594963014125824,0.1404678374528885,38,37,0,0,0.0,0.0
6078,63,0.0934,0.3361,0.7656,0.4541,0.6125894784927368,0.2318563610315323,0.1555541753768921,19,1,0,1,0.0,1.0
34961,348,0.0689,0.256,1.0,0.8757,0.6572774648666382,0.24376855790615082,0.09895402193069458,35,36,0,0,0.0,0.0
14344,161,0.0762,0.2483,0.951,0.7466,0.652990996837616,0.23912018537521362,0.10788892954587936,1,1,1,1,1.0,1.0
24999,283,0.0354,0.2076,1.0,0.8496,0.6837823390960693,0.2220367044210434,0.09418102353811264,52,9,0,1,0.0,0.3010299956639812
27897,28,0.2033,0.4398,0.6349,0.2005,0.5149818658828735,0.27303627133369446,0.2119818478822708,100,63,0,0,0.0,0.0
37017,28,0.145,0.4314,0.5552,0.0821,0.537167489528656,0.23054657876491547,0.23228590190410614,61,35,0,0,0.0,0.0
22637,81,0.1179,0.2566,0.8215,0.5574,0.6086090207099915,0.25534331798553467,0.1360476315021515,88,87,0,0,0.0,0.0
10485,26,0.252,0.5824,0.6215,0.1771,0.4683654010295868,0.2934924066066742,0.23814216256141663,50,50,0,0,0.0,0.0
24564,97,0.0515,0.258,0.8587,0.6196,0.6559413075447083,0.21978817880153656,0.12427045404911041,15,81,0,0,0.0,0.0
20731,65,0.053,0.2669,0.79,0.5004,0.6461139917373657,0.21406054496765137,0.1398254632949829,85,98,0,0,0.0,0.0
37515,19,0.2553,0.397,0.5649,0.0936,0.4719981551170349,0.2977660298347473,0.23023581504821777,70,94,0,0,0.0,0.0
5642,20,0.3218,0.349,0.5649,0.0936,0.431994765996933,0.3439500629901886,0.224055215716362,18,3,0,1,0.0,0.5
3288,20,0.279,0.5915,0.5741,0.1054,0.4412922263145447,0.3023878037929535,0.25631991028785706,2,10,1,1,0.6309297535714575,0.2890648263178879
10360,23,0.3241,0.4586,0.5993,0.1413,0.42780110239982605,0.3437420129776001,0.22845683991909027,40,38,0,0,0.0,0.0
40433,47,0.0752,0.3394,0.7178,0.3596,0.617804229259491,0.21538659930229187,0.16680918633937836,77,54,0,0,0.0,0.0
3058,27,0.3974,0.4282,0.6283,0.1889,0.3851683735847473,0.40214934945106506,0.21268230676651,6,19,1,0,0.3562071871080222,0.0
5355,33,0.2137,0.4314,0.6593,0.2451,0.5124809741973877,0.28383034467697144,0.20368866622447968,5,5,1,1,0.38685280723454163,0.38685280723454163
18116,23,0.1596,0.4224,0.5993,0.1413,0.5384615659713745,0.24327662587165833,0.21826177835464478,73,55,0,0,0.0,0.0
29439,19,0.2879,0.3789,0.5649,0.0936,0.4520829916000366,0.3196730613708496,0.228243887424469,80,68,0,0,0.0,0.0
28138,159,0.1181,0.2468,0.9448,0.7393,0.6242278814315796,0.26484599709510803,0.11092612892389297,25,27,0,0,0.0,0.0
32109,21,0.2948,0.4732,0.5741,0.1054,0.4414513111114502,0.3196960687637329,0.2388526350259781,38,15,0,0,0.0,0.0
37903,21,0.4844,0.4719,0.5741,0.1054,0.3200489580631256,0.450058251619339,0.2298927903175354,44,17,0,0,0.0,0.0
27548,1163,0.0182,0.1622,1.0,0.9587,0.686874270439148,0.2242169976234436,0.08890873938798904,30,52,0,0,0.0,0.0
18178,54,0.0878,0.28,0.7486,0.4209,0.6184154152870178,0.22807247936725616,0.1535121202468872,76,10,0,1,0.0,0.2890648263178879
14371,19,0.1385,0.3245,0.5649,0.0936,0.5538625717163086,0.23216529190540314,0.2139720767736435,77,58,0,0,0.0,0.0
33769,45,0.1595,0.4106,0.7092,0.3425,0.5567563772201538,0.25983861088752747,0.18340498208999634,88,20,0,0,0.0,0.0
7479,45,0.1391,0.3496,0.7136,0.3512,0.575654923915863,0.25057077407836914,0.17377430200576782,29,94,0,0,0.0,0.0
22939,51,0.167,0.4047,0.7338,0.3916,0.5552360415458679,0.26863574981689453,0.17612822353839874,93,71,0,0,0.0,0.0
39682,39,0.1929,0.3735,0.6475,0.2231,0.5294586420059204,0.27162110805511475,0.19892026484012604,33,5,0,1,0.0,0.38685280723454163
7302,854,0.0419,0.155,1.0,0.9241,0.6753426790237427,0.23459795117378235,0.09005938470363617,33,30,0,0,0.0,0.0
18839,85,0.236,0.1735,0.7522,0.4278,0.5254359841346741,0.3259328603744507,0.14863109588623047,65,41,0,0,0.0,0.0
32181,24,0.0606,0.4945,0.607,0.1534,0.5935060381889343,0.18983027338981628,0.21666371822357178,45,18,0,0,0.0,0.0
34737,23,0.1611,0.4783,0.5912,0.1293,0.5305246114730835,0.24077896773815155,0.22869639098644257,53,53,0,0,0.0,0.0
20484,39,0.1127,0.4363,0.6593,0.2451,0.5774204134941101,0.22456912696361542,0.1980104297399521,65,52,0,0,0.0,0.0
2815,80,0.0987,0.3656,0.8239,0.5616,0.6140692830085754,0.24103468656539917,0.14489609003067017,37,10,0,1,0.0,0.2890648263178879
14686,705,0.0456,0.1873,1.0,0.9345,0.6703704595565796,0.2373826801776886,0.09224697202444077,33,41,0,0,0.0,0.0
26260,59,0.1531,0.4505,0.7689,0.4603,0.5651394724845886,0.2638882100582123,0.1709723174571991,50,8,0,1,0.0,0.31546487678572877
3479,573,0.0383,0.1764,1.0,0.9103,0.6779091358184814,0.23062345385551453,0.09146735817193985,66,24,0,0,0.0,0.0
480,394,0.0503,0.2066,1.0,0.8834,0.6712102890014648,0.23432648181915283,0.09446331113576889,84,7,0,1,0.0,0.3333333333333333
13621,307,0.0861,0.2612,1.0,0.8607,0.6470440626144409,0.25257983803749084,0.10037603229284286,60,74,0,0,0.0,0.0
20073,45,0.2607,0.2442,0.7219,0.3679,0.5008772015571594,0.33481356501579285,0.16430918872356415,85,1,0,1,0.0,1.0
14121,59,0.1858,0.2649,0.772,0.4664,0.5566208362579346,0.29177039861679077,0.15160876512527466,48,5,0,1,0.0,0.38685280723454163
9106,334,0.0301,0.1583,1.0,0.8725,0.6875118017196655,0.2221764773130417,0.09031179547309875,85,5,0,1,0.0,0.38685280723454163
17081,20,0.1233,0.5564,0.5741,0.1054,0.5421599745750427,0.2154252827167511,0.24241474270820618,11,11,0,0,0.0,0.0
19262,19,0.3791,0.3938,0.5649,0.0936,0.3908034563064575,0.3802533745765686,0.2289431393146515,78,73,0,0,0.0,0.0
21791,33,0.1073,0.388,0.6649,0.2557,0.5860512852668762,0.22407934069633484,0.18986937403678894,11,20,0,0,0.0,0.0
7871,58,0.1209,0.3486,0.7556,0.4346,0.5926546454429626,0.24606232345104218,0.16128303110599518,80,15,0,0,0.0,0.0
482,27,0.3291,0.3943,0.6283,0.1889,0.43343251943588257,0.35631999373435974,0.2102474421262741,66,39,0,0,0.0,0.0
32821,76,0.1295,0.2182,0.8166,0.5488,0.6027981042861938,0.26305821537971497,0.1341436505317688,24,23,0,0,0.0,0.0
28612,53,0.0834,0.3502,0.7136,0.3512,0.611250638961792,0.21893833577632904,0.16981101036071777,45,53,0,0,0.0,0.0
11708,56,0.0956,0.2322,0.7556,0.4346,0.6177762150764465,0.23475661873817444,0.14746712148189545,34,71,0,0,0.0,0.0
8552,23,0.2183,0.2798,0.5993,0.1413,0.5128802061080933,0.2845688760280609,0.20255093276500702,77,61,0,0,0.0,0.0
25215,28,0.1029,0.418,0.6349,0.2005,0.5810399651527405,0.21678204834461212,0.2021780014038086,13,77,0,0,0.0,0.0
35061,23,0.0917,0.3992,0.5993,0.1413,0.5828885436058044,0.20764479041099548,0.20946674048900604,4,2,1,1,0.43067655807339306,0.6309297535714575
37297,129,0.1425,0.3163,0.9012,0.6829,0.5976008772850037,0.27644065022468567,0.12595845758914948,53,67,0,0,0.0,0.0
33003,27,0.343,0.3001,0.6215,0.1771,0.429801344871521,0.3703417181968689,0.19985701143741608,95,73,0,0,0.0,0.0
23541,29,0.116,0.3437,0.6413,0.2119,0.5807788968086243,0.22724145650863647,0.19197961688041687,92,86,0,0,0.0,0.0
4685,238,0.1171,0.1789,1.0,0.8237,0.6338329315185547,0.2697237730026245,0.09644322097301483,73,64,0,0,0.0,0.0
26381,673,0.0336,0.251,1.0,0.8948,0.6785333156585693,0.22496764361858368,0.0964989885687828,20,22,0,0,0.0,0.0
2646,247,0.0264,0.1952,1.0,0.8209,0.6926050186157227,0.2142070084810257,0.09318798780441284,39,37,0,0,0.0,0.0
28996,375,0.0234,0.1891,1.0,0.8849,0.6890286207199097,0.21913012862205505,0.09184126555919647,77,40,0,0,0.0,0.0
1156,36,0.0805,0.2579,0.6809,0.2865,0.61629718542099,0.21576766669750214,0.16793522238731384,75,54,0,0,0.0,0.0
38943,19,0.1123,0.4184,0.5649,0.0936,0.5608958005905151,0.21451251208782196,0.2245917171239853,65,54,0,0,0.0,0.0
5097,31,0.3029,0.3837,0.6535,0.2342,0.45510900020599365,0.3437621295452118,0.20112888514995575,9,53,1,0,0.3010299956639812,0.0
20833,441,0.0513,0.1795,1.0,0.9006,0.6702894568443298,0.23726142942905426,0.0924491435289383,41,35,0,0,0.0,0.0
28522,153,0.0848,0.199,0.9119,0.6977,0.6448525190353394,0.24382838606834412,0.11131907254457474,9,5,1,1,0.3010299956639812,0.38685280723454163
26861,31,0.2572,0.354,0.6283,0.1889,0.48523569107055664,0.3101567327976227,0.2046075463294983,32,16,0,0,0.0,0.0
27795,40,0.1763,0.3257,0.6956,0.3154,0.5507297515869141,0.27112966775894165,0.17814061045646667,53,50,0,0,0.0,0.0
19264,22,0.1296,0.6778,0.5912,0.1293,0.5294349193572998,0.21520118415355682,0.2553638219833374,81,71,0,0,0.0,0.0
7563,18,0.2752,0.5672,0.5552,0.0821,0.4418969750404358,0.29914242029190063,0.2589605748653412,56,49,0,0,0.0,0.0
26912,77,0.1243,0.3192,0.772,0.4664,0.5945067405700684,0.2512792944908142,0.15421397984027863,3,3,1,1,0.5,0.5
1276,19,0.4432,0.4869,0.4837,0.0235,0.32785770297050476,0.40848803520202637,0.26365426182746887,71,65,0,0,0.0,0.0
21595,28,0.1493,0.6075,0.6215,0.1771,0.531313419342041,0.2324104756116867,0.23627611994743347,46,43,0,0,0.0,0.0
11470,220,0.0478,0.1894,1.0,0.8046,0.6810223460197449,0.2247970700263977,0.09418059140443802,31,96,0,0,0.0,0.0
30464,18,0.2415,0.529,0.545,0.0709,0.4644945561885834,0.27985814213752747,0.25564733147621155,54,5,0,1,0.0,0.38685280723454163
24019,42,0.2424,0.5514,0.7092,0.3425,0.48987963795661926,0.305589497089386,0.20453082025051117,40,17,0,0,0.0,0.0
5829,30,0.1695,0.3796,0.6413,0.2119,0.5433436632156372,0.25637340545654297,0.20028293132781982,69,14,0,0,0.0,0.0
29021,69,0.0735,0.2655,0.8011,0.5209,0.6346478462219238,0.22667637467384338,0.13867586851119995,86,94,0,0,0.0,0.0
6948,24,0.1841,0.3613,0.607,0.1534,0.5297348499298096,0.26104938983917236,0.2092156708240509,30,19,0,0,0.0,0.0
38705,53,0.0766,0.3806,0.7486,0.4209,0.6175963878631592,0.21901454031467438,0.16338905692100525,15,27,0,0,0.0,0.0
28967,103,0.1438,0.2655,0.8684,0.6347,0.5957499146461487,0.2761002480983734,0.12814979255199432,25,44,0,0,0.0,0.0
26588,337,0.0697,0.184,1.0,0.8725,0.6607210636138916,0.24526144564151764,0.09401748329401016,24,18,0,0,0.0,0.0
34517,55,0.0475,0.3617,0.759,0.4412,0.6384258270263672,0.20526844263076782,0.15630581974983215,17,22,0,0,0.0,0.0
5135,51,0.1347,0.2794,0.7338,0.3916,0.5863415002822876,0.2533610165119171,0.1602974683046341,10,11,1,0,0.2890648263178879,0.0
37331,74,0.0807,0.3519,0.8141,0.5444,0.6254473328590393,0.22994039952754974,0.14461226761341095,28,11,0,0,0.0,0.0
20645,98,0.0794,0.3582,0.8645,0.6288,0.6322774887084961,0.23379656672477722,0.13392598927021027,98,87,0,0,0.0,0.0
22539,247,0.1087,0.1742,1.0,0.8328,0.6389093995094299,0.26545244455337524,0.09563814848661423,4,2,1,1,0.43067655807339306,0.6309297535714575
38721,62,0.2537,0.3037,0.7656,0.4541,0.5055638551712036,0.33534082770347595,0.15909530222415924,38,61,0,0,0.0,0.0
22111,24,0.2722,0.261,0.607,0.1534,0.47921064496040344,0.32144397497177124,0.1993454545736313,46,88,0,0,0.0,0.0
11210,215,0.0259,0.1553,0.9874,0.7861,0.6951058506965637,0.21229931712150574,0.09259481728076935,42,92,0,0,0.0,0.0
5006,41,0.2357,0.3028,0.7048,0.3337,0.5128834247589111,0.31197452545166016,0.1751420944929123,40,20,0,0,0.0,0.0
33637,78,0.1014,0.2877,0.8239,0.5616,0.6177220344543457,0.2447706162929535,0.1375073790550232,23,9,0,1,0.0,0.3010299956639812
7492,86,0.0437,0.1881,0.8355,0.5815,0.6625731587409973,0.21510449051856995,0.12232237309217453,2,19,1,0,0.6309297535714575,0.0
34967,76,0.161,0.4936,0.8064,0.5306,0.5611322522163391,0.27266380190849304,0.16620393097400665,36,29,0,0,0.0,0.0
33615,43,0.2355,0.2857,0.7092,0.3425,0.5146657228469849,0.31339067220687866,0.17194360494613647,54,2,0,1,0.0,0.6309297535714575
12916,52,0.1579,0.4198,0.7414,0.4066,0.5610291957855225,0.26369839906692505,0.17527249455451965,7,6,1,1,0.3333333333333333,0.3562071871080222
23212,31,0.2096,0.4939,0.6283,0.1889,0.5049994587898254,0.2732536196708679,0.22174684703350067,24,47,0,0,0.0,0.0
23298,576,0.0657,0.1935,1.0,0.9227,0.6579994559288025,0.24822039902210236,0.09378013759851456,99,76,0,0,0.0,0.0
9813,19,0.1257,0.5617,0.545,0.0709,0.5328745245933533,0.21407341957092285,0.2530519962310791,7,8,1,1,0.3333333333333333,0.31546487678572877
15758,30,0.1939,0.485,0.6475,0.2231,0.5191596150398254,0.26727133989334106,0.21356908977031708,6,17,1,0,0.3562071871080222,0.0
40045,218,0.0478,0.2339,1.0,0.8079,0.6784045696258545,0.22437679767608643,0.09721867740154266,80,19,0,0,0.0,0.0
9718,54,0.3139,0.3047,0.73,0.3839,0.45970800518989563,0.37134239077568054,0.16894961893558502,73,81,0,0,0.0,0.0
17097,53,0.1226,0.2545,0.7451,0.4138,0.597429096698761,0.24850890040397644,0.1540619134902954,91,36,0,0,0.0,0.0
13110,18,0.3999,0.3971,0.5342,0.0601,0.3715291917324066,0.3905361294746399,0.23793473839759827,55,60,0,0,0.0,0.0
11568,34,0.229,0.5453,0.6704,0.2662,0.49427056312561035,0.2898971140384674,0.21583238244056702,90,38,0,0,0.0,0.0
40965,489,0.0209,0.2031,1.0,0.8982,0.6886717677116394,0.2188480794429779,0.0924801304936409,93,86,0,0,0.0,0.0
4936,50,0.2905,0.4208,0.6704,0.2662,0.46278083324432373,0.33661726117134094,0.2006019502878189,15,16,0,0,0.0,0.0
11800,98,0.1053,0.1258,0.8665,0.6318,0.6300702095031738,0.25513792037963867,0.11479182541370392,9,2,1,1,0.3010299956639812,0.6309297535714575
32588,72,0.1154,0.3751,0.809,0.5353,0.6006141901016235,0.2489807903766632,0.15040501952171326,10,21,1,0,0.2890648263178879,0.0
30688,28,0.3301,0.4161,0.6283,0.1889,0.4311606287956238,0.3556950092315674,0.21314434707164764,17,1,0,1,0.0,1.0
29777,26,0.1785,0.6589,0.545,0.0709,0.4904695153236389,0.2370322197675705,0.272498220205307,51,48,0,0,0.0,0.0
21503,56,0.0482,0.3237,0.759,0.4412,0.6410009264945984,0.20660194754600525,0.15239714086055756,96,61,0,0,0.0,0.0
21047,63,0.1379,0.3104,0.7752,0.4724,0.5864715576171875,0.2602381706237793,0.1532902717590332,83,42,0,0,0.0,0.0
10033,39,0.171,0.3669,0.6908,0.306,0.5503804087638855,0.26549941301345825,0.18412017822265625,31,3,0,1,0.0,0.5
29200,313,0.0355,0.1838,1.0,0.8637,0.6836439371109009,0.2239561378955841,0.09239992499351501,6,9,1,1,0.3562071871080222,0.3010299956639812
4452,26,0.3109,0.4843,0.5993,0.1413,0.43446844816207886,0.33333778381347656,0.23219378292560577,92,26,0,0,0.0,0.0
31038,90,0.0526,0.2691,0.8421,0.5926,0.6524642705917358,0.2188265472650528,0.12870916724205017,46,12,0,0,0.0,0.0
38059,18,0.1751,0.5008,0.5552,0.0821,0.5114831924438477,0.24391205608844757,0.24460476636886597,4,4,1,1,0.43067655807339306,0.43067655807339306
20173,18,0.1989,0.5212,0.5552,0.0821,0.4945453703403473,0.25632134079933167,0.24913325905799866,27,36,0,0,0.0,0.0
18322,471,0.0274,0.1695,1.0,0.905,0.6856682300567627,0.2238188534975052,0.0905129536986351,7,4,1,1,0.3333333333333333,0.43067655807339306
3585,77,0.2529,0.4825,0.6283,0.1889,0.47756505012512207,0.300694078207016,0.22174085676670074,67,55,0,0,0.0,0.0
23345,338,0.0764,0.2205,1.0,0.8506,0.6565811634063721,0.24625049531459808,0.09716835618019104,60,18,0,0,0.0,0.0
33464,124,0.0601,0.2425,0.9074,0.6915,0.6577223539352417,0.22807076573371887,0.11420691758394241,87,76,0,0,0.0,0.0
4825,27,0.2591,0.4521,0.5829,0.1173,0.4682665765285492,0.2993132472038269,0.2324201464653015,92,25,0,0,0.0,0.0
39617,31,0.0713,0.4712,0.6535,0.2342,0.5985532999038696,0.201004758477211,0.20044195652008057,99,81,0,0,0.0,0.0
30562,268,0.0611,0.2326,1.0,0.8438,0.6666279435157776,0.23601730167865753,0.0973547101020813,46,17,0,0,0.0,0.0
29973,123,0.0914,0.2449,0.9074,0.6915,0.6372506618499756,0.24655522406101227,0.11619410663843155,35,9,0,1,0.0,0.3010299956639812
2350,117,0.1193,0.249,0.8547,0.6132,0.6118918061256409,0.2597730755805969,0.12833505868911743,49,7,0,1,0.0,0.3333333333333333
3628,151,0.0432,0.2408,0.941,0.7348,0.6730878949165344,0.2197958081960678,0.10711628198623657,3,9,1,1,0.5,0.3010299956639812
24478,18,0.233,0.3894,0.545,0.0709,0.4828996956348419,0.2824190557003021,0.23468118906021118,76,15,0,0,0.0,0.0
19114,75,0.1533,0.2323,0.7984,0.5159,0.5838188529014587,0.2754769027233124,0.1407041996717453,26,32,0,0,0.0,0.0
5047,66,0.2725,0.405,0.7048,0.3337,0.4799615740776062,0.33208104968070984,0.18795734643936157,60,70,0,0,0.0,0.0
37165,140,0.0439,0.1865,0.9235,0.7129,0.6733784675598145,0.22061973810195923,0.1060018464922905,70,47,0,0,0.0,0.0
33426,18,0.3631,0.3654,0.545,0.0709,0.39974290132522583,0.36861568689346313,0.23164141178131104,4,12,1,0,0.43067655807339306,0.0
25530,110,0.0948,0.3112,0.888,0.6643,0.6284002065658569,0.2458447366952896,0.12575507164001465,70,26,0,0,0.0,0.0
30627,310,0.06,0.2935,1.0,0.8632,0.6622979640960693,0.23631803691387177,0.10138392448425293,59,9,0,1,0.0,0.3010299956639812
38981,52,0.1962,0.2493,0.7486,0.4209,0.5482613444328308,0.2954959273338318,0.15624277293682098,8,24,1,0,0.31546487678572877,0.0
29829,66,0.0616,0.288,0.7928,0.5057,0.6395578980445862,0.21856863796710968,0.1418735384941101,26,37,0,0,0.0,0.0
12552,186,0.0452,0.1967,0.9291,0.72,0.6727322340011597,0.22136440873146057,0.10590329021215439,85,45,0,0,0.0,0.0
21405,37,0.0759,0.292,0.6704,0.2662,0.6147720813751221,0.21099714934825897,0.17423075437545776,13,4,0,1,0.0,0.43067655807339306
31500,34,0.2449,0.3401,0.6704,0.2662,0.5001041293144226,0.31010451912879944,0.18979136645793915,37,2,0,1,0.0,0.6309297535714575
33061,125,0.0949,0.2845,0.9104,0.6957,0.6329523921012878,0.24794036149978638,0.11910724639892578,13,10,0,1,0.0,0.2890648263178879
39344,55,0.0986,0.3228,0.759,0.4412,0.6094865798950195,0.23434163630008698,0.15617167949676514,5,4,1,1,0.38685280723454163,0.43067655807339306
4005,1081,0.0238,0.1953,1.0,0.9066,0.6864920854568481,0.22149449586868286,0.09201335906982422,81,61,0,0,0.0,0.0
40092,52,0.1002,0.3474,0.7414,0.4066,0.6044260263442993,0.2321450263261795,0.16342893242835999,5,26,1,0,0.38685280723454163,0.0
6810,278,0.0514,0.1598,1.0,0.8257,0.6782788634300232,0.22961902618408203,0.09210208803415298,75,89,0,0,0.0,0.0
22804,288,0.1047,0.2267,1.0,0.8501,0.6372865438461304,0.26382142305374146,0.09889200329780579,22,5,0,1,0.0,0.38685280723454163
5589,532,0.0189,0.1779,1.0,0.9046,0.6906108260154724,0.21877186000347137,0.09061732888221741,6,3,1,1,0.3562071871080222,0.5
33262,96,0.0776,0.2008,0.8464,0.5997,0.6415306329727173,0.23502688109874725,0.12344255298376083,76,61,0,0,0.0,0.0
11512,63,0.1532,0.2355,0.7782,0.4782,0.5816709399223328,0.2726006805896759,0.14572829008102417,2,28,1,0,0.6309297535714575,0.0
2443,353,0.0172,0.2415,1.0,0.8743,0.6911144256591797,0.21371181309223175,0.09517378360033035,34,20,0,0,0.0,0.0
16515,21,0.1366,0.4086,0.5829,0.1173,0.550896406173706,0.22935011982917786,0.21975335478782654,1,1,1,1,1.0,1.0
38118,69,0.1347,0.4869,0.7956,0.5109,0.5778502225875854,0.2552817165851593,0.16686809062957764,17,9,0,1,0.0,0.3010299956639812
29187,107,0.0634,0.2536,0.8739,0.6433,0.6505990624427795,0.227738156914711,0.12166271358728409,9,18,1,0,0.3010299956639812,0.0
34530,26,0.2929,0.3155,0.6215,0.1771,0.4630158841609955,0.3347936272621155,0.20219050347805023,81,32,0,0,0.0,0.0
34438,121,0.0429,0.2368,0.9027,0.6851,0.6682919859886169,0.21817950904369354,0.1135285273194313,68,4,0,1,0.0,0.43067655807339306
10578,56,0.273,0.3598,0.759,0.4412,0.48762381076812744,0.3451942205429077,0.16718202829360962,68,64,0,0,0.0,0.0
24156,32,0.2025,0.4106,0.6593,0.2451,0.5216673612594604,0.27781158685684204,0.20052102208137512,5,7,1,1,0.38685280723454163,0.3333333333333333
24764,458,0.0396,0.2048,1.0,0.904,0.6762440800666809,0.23023417592048645,0.09352165460586548,22,4,0,1,0.0,0.43067655807339306
37768,68,0.2713,0.3839,0.7338,0.3916,0.48501285910606384,0.33804816007614136,0.17693889141082764,88,95,0,0,0.0,0.0
25720,231,0.0718,0.2119,1.0,0.8216,0.6628400683403015,0.2404078096151352,0.09675216674804688,22,24,0,0,0.0,0.0
27186,183,0.0877,0.2522,0.9813,0.7799,0.6496527791023254,0.24661564826965332,0.10373162478208542,11,1,0,1,0.0,1.0
22478,18,0.1479,0.3266,0.5552,0.0821,0.5455679893493652,0.23654071986675262,0.21789133548736572,3,5,1,1,0.5,0.38685280723454163
3280,41,0.4261,0.2042,0.6956,0.3154,0.38357117772102356,0.4526766836643219,0.16375218331813812,24,19,0,0,0.0,0.0
22230,122,0.0378,0.2082,0.8996,0.6807,0.6727941632270813,0.21572889387607574,0.11147700995206833,15,17,0,0,0.0,0.0
4282,92,0.1888,0.2294,0.8485,0.6031,0.5641465187072754,0.30512359738349915,0.13072985410690308,30,5,0,1,0.0,0.38685280723454163
21906,19,0.5863,0.457,0.545,0.0709,0.257366418838501,0.5183412432670593,0.22429223358631134,56,22,0,0,0.0,0.0
6257,105,0.1151,0.3611,0.8758,0.646,0.6101299524307251,0.25596097111701965,0.13390907645225525,19,9,0,1,0.0,0.3010299956639812
25671,147,0.073,0.2654,0.8758,0.646,0.6439563632011414,0.2331388145685196,0.12290479987859726,82,80,0,0,0.0,0.0
18894,119,0.1532,0.1998,0.8996,0.6807,0.5966929793357849,0.286542147397995,0.11676479876041412,61,23,0,0,0.0,0.0
16784,187,0.0506,0.1906,0.9833,0.782,0.6772671341896057,0.22571399807929993,0.09701880067586899,62,52,0,0,0.0,0.0
9996,333,0.0452,0.2305,1.0,0.8653,0.6749508380889893,0.22896356880664825,0.0960855484008789,2,4,1,1,0.6309297535714575,0.43067655807339306
22137,123,0.0308,0.2346,0.9059,0.6894,0.6763541102409363,0.21165971457958221,0.11198621243238449,14,12,0,0,0.0,0.0
5354,31,0.2756,0.5731,0.6283,0.1889,0.4549144208431244,0.31011781096458435,0.23496776819229126,26,32,0,0,0.0,0.0
9419,104,0.1036,0.266,0.8684,0.6347,0.6229667663574219,0.2508201599121094,0.12621314823627472,51,75,0,0,0.0,0.0
23243,24,0.1564,0.4236,0.607,0.1534,0.5418612360954285,0.2423524111509323,0.2157863825559616,78,46,0,0,0.0,0.0
20633,138,0.0623,0.2964,0.9193,0.7074,0.6546724438667297,0.22877249121665955,0.11655508726835251,43,29,0,0,0.0,0.0
26061,27,0.149,0.3885,0.6283,0.1889,0.5536449551582336,0.24232180416584015,0.20403318107128143,54,12,0,0,0.0,0.0
8544,158,0.034,0.2769,0.8702,0.6376,0.6670275330543518,0.21056078374385834,0.12241174280643463,21,57,0,0,0.0,0.0
5611,18,0.0754,0.3693,0.4976,0.0314,0.5704891085624695,0.19494102895259857,0.23456977307796478,88,24,0,0,0.0,0.0
20585,60,0.1111,0.316,0.7689,0.4603,0.6030667424201965,0.24310192465782166,0.153831347823143,65,63,0,0,0.0,0.0
25025,36,0.1213,0.3306,0.6757,0.2765,0.5837627649307251,0.23531563580036163,0.18092158436775208,5,8,1,1,0.38685280723454163,0.31546487678572877
21815,44,0.1518,0.2435,0.7092,0.3425,0.574984073638916,0.261210173368454,0.16380575299263,54,44,0,0,0.0,0.0
8453,111,0.0368,0.2352,0.8665,0.6318,0.667535126209259,0.21268559992313385,0.1197793111205101,100,96,0,0,0.0,0.0
34687,199,0.0629,0.1897,0.9894,0.7881,0.6703631281852722,0.2329566776752472,0.09668020904064178,40,10,0,1,0.0,0.2890648263178879
6187,172,0.0764,0.1766,0.9673,0.765,0.6590814590454102,0.24103692173957825,0.09988166391849518,63,67,0,0,0.0,0.0
28104,92,0.1121,0.1617,0.8506,0.6065,0.6216628551483154,0.2571631968021393,0.1211739331483841,90,87,0,0,0.0,0.0
33525,18,0.1245,0.4303,0.5552,0.0821,0.5499226450920105,0.21967971324920654,0.23039762675762177,3,8,1,1,0.5,0.31546487678572877
39464,21,0.2328,0.3879,0.5649,0.0936,0.48750314116477966,0.28425729274749756,0.22823955118656158,67,1,0,1,0.0,1.0
1127,247,0.0423,0.2678,1.0,0.8251,0.6785014867782593,0.2224138081073761,0.0990847498178482,30,66,0,0,0.0,0.0
24067,49,0.101,0.2374,0.7377,0.3992,0.611940324306488,0.23534154891967773,0.15271811187267303,6,11,1,0,0.3562071871080222,0.0
20509,22,0.2121,0.4389,0.5912,0.1293,0.5016424059867859,0.2721628248691559,0.22619478404521942,6,9,1,1,0.3562071871080222,0.3010299956639812
12034,156,0.059,0.1847,0.9473,0.7423,0.6671209931373596,0.2301093190908432,0.10276968777179718,51,47,0,0,0.0,0.0
14297,176,0.1055,0.2335,0.9673,0.765,0.6366958618164062,0.25781574845314026,0.10548839718103409,90,88,0,0,0.0,0.0
22686,56,0.0972,0.4016,0.7451,0.4138,0.6024764776229858,0.2292909324169159,0.16823260486125946,33,10,0,1,0.0,0.2890648263178879
32154,54,0.1232,0.2841,0.7338,0.3916,0.5935490727424622,0.24635730683803558,0.16009366512298584,26,69,0,0,0.0,0.0
12784,25,0.2367,0.4161,0.607,0.1534,0.4904548227787018,0.2905472218990326,0.21899789571762085,94,21,0,0,0.0,0.0
15115,137,0.0715,0.2447,0.8567,0.6164,0.6438705325126648,0.23131272196769714,0.12481675297021866,4,10,1,1,0.43067655807339306,0.2890648263178879
9132,36,0.1205,0.3201,0.6704,0.2662,0.5844194293022156,0.2344663143157959,0.18111422657966614,52,3,0,1,0.0,0.5
10295,73,0.1028,0.347,0.8011,0.5209,0.6099609136581421,0.24138614535331726,0.14865288138389587,42,83,0,0,0.0,0.0
5067,40,0.3597,0.2442,0.6908,0.306,0.4280416965484619,0.39968374371528625,0.17227458953857422,30,34,0,0,0.0,0.0
19673,50,0.1674,0.4404,0.7377,0.3992,0.5526347756385803,0.2681376338005066,0.17922759056091309,51,89,0,0,0.0,0.0
6666,82,0.0642,0.2283,0.8309,0.5738,0.6465330719947815,0.22529876232147217,0.12816818058490753,19,8,0,1,0.0,0.31546487678572877
40980,57,0.1678,0.2408,0.7656,0.4541,0.5700817704200745,0.2799476981163025,0.14997053146362305,74,4,0,1,0.0,0.43067655807339306
35469,103,0.1965,0.2978,0.8739,0.6433,0.5573234558105469,0.31084635853767395,0.13183021545410156,29,10,0,1,0.0,0.2890648263178879
34698,53,0.1446,0.3422,0.7522,0.4278,0.5771175026893616,0.25998109579086304,0.1629013866186142,45,66,0,0,0.0,0.0
2360,27,0.1666,0.4881,0.6215,0.1771,0.5320432782173157,0.24725690484046936,0.22069989144802094,24,57,0,0,0.0,0.0
22373,145,0.2128,0.2212,0.9371,0.73,0.5571560859680176,0.32947760820388794,0.11336632817983627,80,56,0,0,0.0,0.0
8697,58,0.1875,0.2602,0.7656,0.4541,0.5551497936248779,0.29207512736320496,0.1527751088142395,56,33,0,0,0.0,0.0
25027,61,0.0794,0.3398,0.7656,0.4541,0.6212044358253479,0.22387398779392242,0.15492160618305206,11,39,0,0,0.0,0.0
10239,58,0.0916,0.3831,0.7377,0.3992,0.6065658926963806,0.22572475671768188,0.1677093356847763,2,30,1,0,0.6309297535714575,0.0
10830,27,0.2895,0.2691,0.6283,0.1889,0.4696540832519531,0.3361271321773529,0.19421881437301636,88,93,0,0,0.0,0.0
12068,133,0.0606,0.2474,0.9207,0.7093,0.6588892936706543,0.228884756565094,0.1122259870171547,12,17,0,0,0.0,0.0
11046,77,0.2447,0.3825,0.6956,0.3154,0.4998631775379181,0.3126509487628937,0.18748585879802704,30,35,0,0,0.0,0.0
29083,69,0.0587,0.2463,0.7956,0.5109,0.6446857452392578,0.21828815340995789,0.13702617585659027,28,15,0,0,0.0,0.0
37689,40,0.1755,0.2639,0.6908,0.306,0.555491030216217,0.27221861481666565,0.17229041457176208,54,60,0,0,0.0,0.0
27347,138,0.0311,0.2833,0.9263,0.7165,0.6760084629058838,0.21176105737686157,0.11223048716783524,89,57,0,0,0.0,0.0
24171,77,0.0568,0.2501,0.8116,0.5399,0.6474775075912476,0.21878445148468018,0.13373805582523346,21,6,0,1,0.0,0.3562071871080222
15827,33,0.2101,0.5372,0.6413,0.2119,0.5029446482658386,0.2735469341278076,0.22350843250751495,6,3,1,1,0.3562071871080222,0.5
29506,195,0.0475,0.1696,0.9874,0.7861,0.6809277534484863,0.2243010550737381,0.09477116167545319,78,34,0,0,0.0,0.0
18953,24,0.1631,0.447,0.607,0.1534,0.5354102253913879,0.24514901638031006,0.219440758228302,97,30,0,0,0.0,0.0
29782,126,0.0287,0.178,0.9089,0.6936,0.6813920736312866,0.21170015633106232,0.10690780729055405,53,33,0,0,0.0,0.0
15600,52,0.1215,0.3266,0.7414,0.4066,0.5922905206680298,0.24509115517139435,0.16261838376522064,38,23,0,0,0.0,0.0
35132,467,0.0167,0.222,1.0,0.9017,0.6899971961975098,0.21652382612228394,0.0934789776802063,21,20,0,0,0.0,0.0
15935,26,0.3058,0.2856,0.6215,0.1771,0.45637986063957214,0.3452360928058624,0.19838398694992065,29,31,0,0,0.0,0.0
20563,24,0.2486,0.6176,0.5829,0.1173,0.46000656485557556,0.28342393040657043,0.2565695345401764,94,75,0,0,0.0,0.0
31043,34,0.0849,0.5267,0.6475,0.2231,0.5838699340820312,0.20525051653385162,0.21087957918643951,19,13,0,0,0.0,0.0
12932,18,0.2275,0.3946,0.5552,0.0821,0.48826730251312256,0.2797107398509979,0.23202195763587952,22,5,0,1,0.0,0.38685280723454163
24419,25,0.1301,0.5015,0.607,0.1534,0.5508515238761902,0.2247072160243988,0.2244413197040558,15,63,0,0,0.0,0.0
29257,155,0.095,0.1297,0.951,0.7466,0.646971583366394,0.25302931666374207,0.09999912232160568,20,48,0,0,0.0,0.0
39172,18,0.121,0.3463,0.5552,0.0821,0.5604459643363953,0.22115765511989594,0.2183964103460312,84,23,0,0,0.0,0.0
40196,21,0.1463,0.7702,0.4976,0.0314,0.4835166037082672,0.2117568552494049,0.3047265112400055,17,14,0,0,0.0,0.0
25353,62,0.1112,0.3706,0.7812,0.4839,0.6003585457801819,0.24314308166503906,0.15649843215942383,31,6,0,1,0.0,0.3562071871080222
33149,140,0.0721,0.2251,0.9291,0.72,0.6539326310157776,0.23642177879810333,0.10964560508728027,44,81,0,0,0.0,0.0
34773,121,0.0481,0.1518,0.8947,0.6739,0.6690588593482971,0.22237049043178558,0.1085706427693367,37,7,0,1,0.0,0.3333333333333333
27848,19,0.2349,0.4342,0.5649,0.0936,0.4819812476634979,0.28311073780059814,0.2349080592393875,50,19,0,0,0.0,0.0
10825,65,0.1446,0.3129,0.7842,0.4895,0.5827673077583313,0.2655414640903473,0.15169121325016022,51,1,0,1,0.0,1.0
13268,42,0.3608,0.3604,0.5912,0.1293,0.4094564616680145,0.373827189207077,0.21671639382839203,38,96,0,0,0.0,0.0
39355,427,0.0331,0.225,1.0,0.8979,0.6799153089523315,0.22545062005519867,0.0946340411901474,10,23,1,0,0.2890648263178879,0.0
16618,57,0.1347,0.4681,0.7656,0.4541,0.5755082964897156,0.2516971528530121,0.17279444634914398,6,1,1,1,0.3562071871080222,1.0
3271,20,0.2336,0.7473,0.5649,0.0936,0.4525681138038635,0.26462700963020325,0.2828049063682556,48,73,0,0,0.0,0.0
31797,34,0.1569,0.4232,0.6283,0.1889,0.5454428195953369,0.24542489647865295,0.20913228392601013,96,27,0,0,0.0,0.0
24656,133,0.0911,0.1459,0.9193,0.7074,0.6446144580841064,0.24914759397506714,0.10623794794082642,18,23,0,0,0.0,0.0
38501,26,0.3399,0.3793,0.5829,0.1173,0.4207507073879242,0.35684213042259216,0.22240710258483887,49,27,0,0,0.0,0.0
33996,28,0.1917,0.3533,0.6349,0.2005,0.5300612449645996,0.26984983682632446,0.20008885860443115,12,12,0,0,0.0,0.0
8231,85,0.0332,0.2156,0.8377,0.5853,0.6674947142601013,0.20899169147014618,0.12351349741220474,51,77,0,0,0.0,0.0
18961,31,0.2638,0.425,0.6535,0.2342,0.4785846471786499,0.31525951623916626,0.20615577697753906,21,24,0,0,0.0,0.0
5550,87,0.1187,0.2057,0.8421,0.5926,0.613594651222229,0.2593575417995453,0.1270478218793869,25,16,0,0,0.0,0.0
10672,928,0.0232,0.1641,1.0,0.9321,0.686084508895874,0.22430436313152313,0.08961115777492523,65,48,0,0,0.0,0.0
18152,21,0.3278,0.3451,0.5741,0.1054,0.4299221634864807,0.3494662940502167,0.22061149775981903,25,24,0,0,0.0,0.0
29804,66,0.2142,0.3587,0.7752,0.4724,0.5307343006134033,0.3075951337814331,0.16167052090168,34,51,0,0,0.0,0.0
33816,42,0.3301,0.3455,0.7092,0.3425,0.4440867602825165,0.3765507936477661,0.17936250567436218,70,28,0,0,0.0,0.0
39609,278,0.0688,0.2115,0.9953,0.7939,0.6663034558296204,0.23608416318893433,0.09761236608028412,9,47,1,0,0.3010299956639812,0.0
29074,232,0.099,0.2349,1.0,0.8202,0.6437275409698486,0.25657951831817627,0.0996929183602333,9,75,1,0,0.3010299956639812,0.0
6072,28,0.4129,0.3857,0.6349,0.2005,0.3782188892364502,0.41760921478271484,0.20417186617851257,13,22,0,0,0.0,0.0
14787,30,0.2574,0.2957,0.6475,0.2231,0.4921644330024719,0.3164343535900116,0.19140121340751648,45,2,0,1,0.0,0.6309297535714575
29927,107,0.1235,0.4038,0.7414,0.4066,0.5849196910858154,0.24374133348464966,0.17133890092372894,16,87,0,0,0.0,0.0
23232,311,0.1029,0.215,1.0,0.8616,0.6379417777061462,0.264251172542572,0.09780699759721756,39,45,0,0,0.0,0.0
1636,214,0.021,0.1819,0.9119,0.6977,0.6862542033195496,0.2075539082288742,0.10619182139635086,84,95,0,0,0.0,0.0
36999,142,0.0481,0.2149,0.9345,0.7268,0.6705981492996216,0.22285982966423035,0.10654197633266449,50,12,0,0,0.0,0.0
3330,26,0.2315,0.4536,0.5741,0.1054,0.4843376576900482,0.28105077147483826,0.23461157083511353,74,58,0,0,0.0,0.0
26335,18,0.2596,0.4235,0.545,0.0709,0.46260809898376465,0.2969498634338379,0.24044209718704224,2,8,1,1,0.6309297535714575,0.31546487678572877
33094,89,0.0716,0.2658,0.8421,0.5926,0.6406641602516174,0.2296435683965683,0.12969224154949188,75,81,0,0,0.0,0.0
40963,41,0.3041,0.3271,0.7048,0.3337,0.46325981616973877,0.35801005363464355,0.17873013019561768,17,57,0,0,0.0,0.0
15715,19,0.318,0.5118,0.5649,0.0936,0.4213877320289612,0.3310721814632416,0.24754007160663605,64,41,0,0,0.0,0.0
25662,63,0.0877,0.3581,0.7782,0.4782,0.6160937547683716,0.22958016395568848,0.15432614088058472,1,1,1,1,1.0,1.0
5359,84,0.1175,0.4917,0.8309,0.5738,0.5934547185897827,0.24921448528766632,0.1573307067155838,3,2,1,1,0.5,0.6309297535714575
24910,122,0.1072,0.2048,0.8607,0.6227,0.6234512329101562,0.2539338171482086,0.1226150244474411,75,53,0,0,0.0,0.0
14968,24,0.2544,0.4203,0.5993,0.1413,0.47708356380462646,0.3003578782081604,0.2225586473941803,59,91,0,0,0.0,0.0
1732,60,0.0348,0.3489,0.7752,0.4724,0.6492449641227722,0.20082485675811768,0.14993010461330414,8,7,1,1,0.31546487678572877,0.3333333333333333
21193,211,0.0602,0.1841,1.0,0.8046,0.6733907461166382,0.23213721811771393,0.09447211772203445,1,1,1,1,1.0,1.0
6520,69,0.1629,0.3579,0.7956,0.5109,0.5684018731117249,0.27715635299682617,0.15444186329841614,58,40,0,0,0.0,0.0
22266,107,0.1002,0.1938,0.8739,0.6433,0.6303007006645203,0.25096163153648376,0.1187376007437706,35,7,0,1,0.0,0.3333333333333333
9690,33,0.4003,0.5067,0.6649,0.2557,0.38181445002555847,0.4070873558521271,0.21109826862812042,61,38,0,0,0.0,0.0
9136,54,0.1738,0.2679,0.7522,0.4278,0.562795877456665,0.28081050515174866,0.1563936173915863,85,95,0,0,0.0,0.0
2399,26,0.1497,0.4344,0.6215,0.1771,0.547805666923523,0.23996032774448395,0.2122340351343155,59,47,0,0,0.0,0.0
39695,258,0.038,0.1901,1.0,0.8359,0.6842961311340332,0.22239917516708374,0.09330462664365768,2,11,1,0,0.6309297535714575,0.0
31256,93,0.1153,0.2555,0.8506,0.6065,0.6137045621871948,0.25673043727874756,0.12956498563289642,47,43,0,0,0.0,0.0
9203,186,0.0638,0.2707,0.975,0.7733,0.6632814407348633,0.23183417320251465,0.10488434880971909,5,2,1,1,0.38685280723454163,0.6309297535714575
31044,50,0.1248,0.2541,0.7092,0.3425,0.5919833779335022,0.24468252062797546,0.16333405673503876,13,7,0,1,0.0,0.3333333333333333
29763,20,0.3442,0.7331,0.5552,0.0821,0.3840199112892151,0.33097320795059204,0.28500691056251526,62,68,0,0,0.0,0.0
356,23,0.1505,0.3362,0.5993,0.1413,0.5522298812866211,0.24167585372924805,0.20609422028064728,50,50,0,0,0.0,0.0
5164,18,0.4329,0.4384,0.5552,0.0821,0.3514518737792969,0.41317272186279297,0.23537541925907135,4,2,1,1,0.43067655807339306,0.6309297535714575
1167,217,0.0239,0.2645,1.0,0.8063,0.6917572617530823,0.2102312594652176,0.09801144152879715,3,3,1,1,0.5,0.5
35876,19,0.1202,0.4519,0.5552,0.0821,0.5503478646278381,0.21656560897827148,0.233086496591568,70,32,0,0,0.0,0.0
14392,108,0.0618,0.2848,0.8846,0.6592,0.6510206460952759,0.22683534026145935,0.12214396148920059,39,28,0,0,0.0,0.0
9958,109,0.0346,0.2456,0.8846,0.6592,0.670534610748291,0.21241846680641174,0.11704684793949127,89,17,0,0,0.0,0.0
34789,28,0.0996,0.4246,0.6349,0.2005,0.5824510455131531,0.21481306850910187,0.20273590087890625,19,54,0,0,0.0,0.0
28098,127,0.1107,0.2472,0.9119,0.6977,0.6247994303703308,0.2586623728275299,0.11653826385736465,49,28,0,0,0.0,0.0
7317,28,0.3136,0.3104,0.6349,0.2005,0.4508737623691559,0.3516760468482971,0.1974502056837082,14,28,0,0,0.0,0.0
38258,534,0.0364,0.1632,1.0,0.9173,0.679119884967804,0.2304699867963791,0.09041018038988113,55,52,0,0,0.0,0.0
15833,333,0.1386,0.1627,1.0,0.8707,0.6146105527877808,0.29004958271980286,0.09533985704183578,79,4,0,1,0.0,0.43067655807339306
20061,30,0.1806,0.3941,0.6349,0.2005,0.5338287949562073,0.261412113904953,0.20475909113883972,14,6,0,1,0.0,0.3562071871080222
8022,88,0.154,0.3501,0.8421,0.5926,0.5802754759788513,0.27752912044525146,0.14219535887241364,36,69,0,0,0.0,0.0
2953,66,0.0498,0.2998,0.7928,0.5057,0.6460245847702026,0.21184620261192322,0.14212919771671295,79,16,0,0,0.0,0.0
15886,22,0.2309,0.3888,0.5829,0.1173,0.49226903915405273,0.2850824296474457,0.2226485311985016,34,20,0,0,0.0,0.0
36320,119,0.0679,0.2229,0.9012,0.6829,0.6530930995941162,0.23268663883209229,0.11422025412321091,62,16,0,0,0.0,0.0
30304,20,0.15,0.4451,0.5741,0.1054,0.5370513200759888,0.2342986762523651,0.2286500632762909,17,24,0,0,0.0,0.0
4081,27,0.4474,0.3221,0.6215,0.1771,0.357754647731781,0.44423356652259827,0.19801177084445953,70,28,0,0,0.0,0.0
36216,152,0.0931,0.2983,0.9448,0.7393,0.6381248831748962,0.24805909395217896,0.11381599307060242,46,78,0,0,0.0,0.0
32983,29,0.0635,0.4699,0.6349,0.2005,0.5999056696891785,0.19498944282531738,0.20510490238666534,8,5,1,1,0.31546487678572877,0.38685280723454163
1002,26,0.1784,0.4818,0.6144,0.1653,0.5237926840782166,0.2533315122127533,0.22287586331367493,30,18,0,0,0.0,0.0
33955,24,0.1828,0.4068,0.607,0.1534,0.526498019695282,0.25827646255493164,0.21522554755210876,18,6,0,1,0.0,0.3562071871080222
16118,55,0.1991,0.328,0.7092,0.3425,0.5366804003715515,0.28770503401756287,0.175614595413208,69,94,0,0,0.0,0.0
9521,334,0.0395,0.1911,1.0,0.8725,0.6799312829971313,0.22707600891590118,0.09299267828464508,94,15,0,0,0.0,0.0
19369,35,0.0911,0.3019,0.6757,0.2765,0.6052749156951904,0.21951395273208618,0.17521114647388458,67,30,0,0,0.0,0.0
28519,43,0.1655,0.2524,0.7092,0.3425,0.5651360154151917,0.2693467438220978,0.16551725566387177,17,43,0,0,0.0,0.0
116,99,0.0616,0.2114,0.8626,0.6258,0.65301913022995,0.22681833803653717,0.12016254663467407,15,13,0,0,0.0,0.0
23452,63,0.0708,0.2388,0.7812,0.4839,0.6359747648239136,0.2236051708459854,0.14041998982429504,15,17,0,0,0.0,0.0
16043,113,0.0634,0.362,0.8526,0.6099,0.6406528353691101,0.22358477115631104,0.13576245307922363,44,45,0,0,0.0,0.0
27718,25,0.1352,0.4985,0.6144,0.1653,0.549465537071228,0.2284572422504425,0.22207720577716827,92,66,0,0,0.0,0.0
12483,112,0.0893,0.2399,0.8607,0.6227,0.6331188678741455,0.2422114908695221,0.1246696189045906,26,48,0,0,0.0,0.0
41440,71,0.155,0.2236,0.8038,0.5258,0.5837493538856506,0.27753710746765137,0.13871349394321442,36,8,0,1,0.0,0.31546487678572877
34476,57,0.2152,0.3179,0.7656,0.4541,0.5318852066993713,0.30832383036613464,0.1597909927368164,2,11,1,0,0.6309297535714575,0.0
23936,918,0.0634,0.1292,1.0,0.9349,0.6614322662353516,0.24933333694934845,0.08923439681529999,80,4,0,1,0.0,0.43067655807339306
4416,171,0.0393,0.2119,0.9673,0.765,0.6809061169624329,0.21869483590126038,0.10039910674095154,52,16,0,0,0.0,0.0
34663,146,0.1029,0.2131,0.9331,0.7251,0.6347965002059937,0.2555907368659973,0.10961272567510605,50,19,0,0,0.0,0.0
35811,48,0.2104,0.2646,0.726,0.376,0.5352256894111633,0.30049508810043335,0.16427922248840332,17,4,0,1,0.0,0.43067655807339306
33475,25,0.1977,0.5465,0.6144,0.1653,0.5053777694702148,0.26150649785995483,0.2331157773733139,14,20,0,0,0.0,0.0
39089,38,0.1968,0.3264,0.6757,0.2765,0.5344896912574768,0.2806183099746704,0.18489192426204681,12,14,0,0,0.0,0.0
25942,19,0.4191,0.5378,0.5552,0.0821,0.35329675674438477,0.39575737714767456,0.25094589591026306,10,2,1,1,0.2890648263178879,0.6309297535714575
31124,123,0.0623,0.2747,0.9043,0.6873,0.6539430618286133,0.22850389778614044,0.11755300313234329,39,45,0,0,0.0,0.0
2725,39,0.2087,0.3288,0.6475,0.2231,0.5226334929466248,0.28336432576179504,0.1940021812915802,38,13,0,0,0.0,0.0
25687,90,0.1828,0.2371,0.8464,0.5997,0.5677376985549927,0.3005765378475189,0.1316857635974884,33,10,0,1,0.0,0.2890648263178879
24787,50,0.1278,0.3479,0.6215,0.1771,0.5696196556091309,0.23110492527484894,0.199275404214859,70,24,0,0,0.0,0.0
16915,81,0.1559,0.2469,0.8263,0.5657,0.5839138627052307,0.2801503837108612,0.13593575358390808,87,33,0,0,0.0,0.0
989,48,0.1471,0.4128,0.7219,0.3679,0.5663314461708069,0.25437065958976746,0.17929787933826447,2,2,1,1,0.6309297535714575,0.6309297535714575
23725,216,0.0214,0.2052,1.0,0.8088,0.6962198615074158,0.2100590169429779,0.09372120350599289,33,71,0,0,0.0,0.0
4408,23,0.3809,0.3729,0.5993,0.1413,0.3963193893432617,0.38848456740379333,0.21519602835178375,53,44,0,0,0.0,0.0
22917,1687,0.0181,0.1647,1.0,0.9708,0.6856953501701355,0.2253841757774353,0.0889204740524292,63,65,0,0,0.0,0.0
16071,73,0.1114,0.2816,0.8064,0.5306,0.6095545291900635,0.24898968636989594,0.14145581424236298,42,6,0,1,0.0,0.3562071871080222
6819,35,0.1013,0.3029,0.6704,0.2662,0.598045825958252,0.22433945536613464,0.17761467397212982,5,2,1,1,0.38685280723454163,0.6309297535714575
22081,21,0.413,0.3985,0.5829,0.1173,0.3711448907852173,0.40654540061950684,0.22230973839759827,4,14,1,0,0.43067655807339306,0.0
8853,347,0.075,0.2149,1.0,0.8603,0.6568508744239807,0.2465783953666687,0.09657076001167297,60,58,0,0,0.0,0.0
2757,574,0.0213,0.2284,1.0,0.9234,0.684841513633728,0.22125598788261414,0.09390244632959366,93,19,0,0,0.0,0.0
37295,46,0.2099,0.421,0.7178,0.3596,0.5231846570968628,0.2922610938549042,0.18455426394939423,4,2,1,1,0.43067655807339306,0.6309297535714575
37602,92,0.1085,0.3626,0.8526,0.6099,0.61142498254776,0.2498711496591568,0.13870389759540558,25,7,0,1,0.0,0.3333333333333333
37457,92,0.0863,0.2599,0.8526,0.6099,0.6328171491622925,0.23928003013134003,0.1279027760028839,55,7,0,1,0.0,0.3333333333333333
39506,187,0.0715,0.2094,0.9423,0.7363,0.6570113301277161,0.23685170710086823,0.10613694041967392,1,8,1,1,1.0,0.31546487678572877
31676,131,0.0336,0.2405,0.9164,0.7036,0.6756797432899475,0.2135566771030426,0.11076360195875168,47,31,0,0,0.0,0.0
12169,19,0.0667,0.3763,0.5552,0.0821,0.5902361869812012,0.1926000416278839,0.21716377139091492,16,27,0,0,0.0,0.0
8936,30,0.1322,0.4097,0.6475,0.2231,0.5656388401985168,0.23464147746562958,0.19971968233585358,7,12,1,0,0.3333333333333333,0.0
4085,18,0.0908,0.388,0.5552,0.0821,0.5746839642524719,0.20402923226356506,0.22128671407699585,21,9,0,1,0.0,0.3010299956639812
30330,58,0.1444,0.3306,0.7522,0.4278,0.5781206488609314,0.2602507472038269,0.16162866353988647,12,25,0,0,0.0,0.0
2320,42,0.2767,0.243,0.7092,0.3425,0.48856163024902344,0.34364140033721924,0.16779695451259613,35,63,0,0,0.0,0.0
19510,79,0.2742,0.363,0.8239,0.5616,0.4921584725379944,0.3570528030395508,0.15078873932361603,99,85,0,0,0.0,0.0
13414,269,0.0238,0.2394,1.0,0.829,0.6911728978157043,0.212859645485878,0.09596744179725647,9,13,1,0,0.3010299956639812,0.0
2732,43,0.1705,0.3365,0.7092,0.3425,0.555357813835144,0.26935914158821106,0.17528297007083893,76,42,0,0,0.0,0.0
13257,136,0.0675,0.221,0.9249,0.7148,0.6565634608268738,0.23363785445690155,0.10979866236448288,9,5,1,1,0.3010299956639812,0.38685280723454163
2625,22,0.3528,0.4747,0.5829,0.1173,0.405031681060791,0.35937565565109253,0.23559267818927765,73,82,0,0,0.0,0.0
21005,95,0.1394,0.2456,0.8607,0.6227,0.5991091132164001,0.2731296718120575,0.12776117026805878,13,5,0,1,0.0,0.38685280723454163
20625,19,0.1613,0.6397,0.545,0.0709,0.5029613971710205,0.22886823117733002,0.2681703567504883,76,80,0,0,0.0,0.0
33962,71,0.064,0.3266,0.7556,0.4346,0.6306247115135193,0.21454809606075287,0.15482723712921143,22,20,0,0,0.0,0.0
26455,271,0.0278,0.1591,1.0,0.8449,0.691421389579773,0.2180081605911255,0.09057050198316574,15,41,0,0,0.0,0.0
31320,23,0.0843,0.4578,0.5829,0.1173,0.5779373645782471,0.20036053657531738,0.22170206904411316,4,12,1,0,0.43067655807339306,0.0
16890,280,0.0255,0.1605,1.0,0.8465,0.6926341652870178,0.21684759855270386,0.09051820635795593,22,6,0,1,0.0,0.3562071871080222
2300,23,0.2016,0.2642,0.5993,0.1413,0.5252859592437744,0.2749050557613373,0.1998089700937271,83,93,0,0,0.0,0.0
12732,37,0.2153,0.3555,0.6809,0.2865,0.5203417539596558,0.29200148582458496,0.18765681982040405,33,6,0,1,0.0,0.3562071871080222
19036,55,0.2886,0.3787,0.759,0.4412,0.4752959907054901,0.3553491234779358,0.16935496032238007,23,21,0,0,0.0,0.0
23718,529,0.0778,0.1902,1.0,0.9098,0.6513509750366211,0.25436535477638245,0.09428364783525467,45,66,0,0,0.0,0.0
2955,23,0.1794,0.5471,0.4837,0.0235,0.4847360849380493,0.23989170789718628,0.275372177362442,86,81,0,0,0.0,0.0
22052,40,0.1275,0.3096,0.7002,0.3247,0.5847480297088623,0.24313917756080627,0.17211279273033142,36,4,0,1,0.0,0.43067655807339306
18183,20,0.2645,0.4767,0.5649,0.0936,0.45900288224220276,0.2990436553955078,0.24195347726345062,36,14,0,0,0.0,0.0
8215,35,0.2309,0.2889,0.6757,0.2765,0.5141674876213074,0.30416858196258545,0.1816638708114624,44,28,0,0,0.0,0.0
24437,55,0.074,0.2378,0.7556,0.4346,0.631126880645752,0.22236716747283936,0.1465059369802475,81,7,0,1,0.0,0.3333333333333333
29041,225,0.1001,0.283,0.9894,0.7881,0.6409655809402466,0.25371429324150085,0.10532014816999435,83,89,0,0,0.0,0.0
26564,187,0.0561,0.2574,0.9813,0.7799,0.6698909401893616,0.22767245769500732,0.10243657976388931,65,42,0,0,0.0,0.0
29199,588,0.0219,0.1931,1.0,0.9017,0.6882383227348328,0.21993854641914368,0.09182312339544296,58,14,0,0,0.0,0.0
25675,27,0.2064,0.389,0.6283,0.1889,0.5162904262542725,0.2762517035007477,0.20745790004730225,79,16,0,0,0.0,0.0
22525,91,0.0795,0.2801,0.8506,0.6065,0.6356788277626038,0.23460574448108673,0.12971536815166473,68,4,0,1,0.0,0.43067655807339306
12457,118,0.05,0.3316,0.9012,0.6829,0.6577328443527222,0.2201087772846222,0.12215831875801086,19,36,0,0,0.0,0.0
32742,25,0.1147,0.3481,0.607,0.1534,0.5751485228538513,0.2223074585199356,0.20254403352737427,36,52,0,0,0.0,0.0
32827,27,0.1632,0.4371,0.6283,0.1889,0.5401396751403809,0.24845723807811737,0.21140310168266296,75,34,0,0,0.0,0.0
36946,39,0.1334,0.3549,0.6956,0.3154,0.5766534805297852,0.2443116158246994,0.17903485894203186,7,5,1,1,0.3333333333333333,0.38685280723454163
34193,149,0.0754,0.229,0.9397,0.7332,0.6530106067657471,0.2386973351240158,0.1082921177148819,48,26,0,0,0.0,0.0
17809,66,0.0938,0.3107,0.7812,0.4839,0.6160879731178284,0.2347715198993683,0.14914049208164215,55,88,0,0,0.0,0.0
5449,33,0.1074,0.2963,0.6413,0.2119,0.5903728604316711,0.22414593398571014,0.18548117578029633,41,37,0,0,0.0,0.0
28176,236,0.0435,0.1917,1.0,0.8244,0.6818027496337891,0.22434237599372864,0.09385485202074051,43,66,0,0,0.0,0.0
37453,115,0.1082,0.3264,0.8464,0.5997,0.613301694393158,0.250084787607193,0.13661351799964905,6,7,1,1,0.3562071871080222,0.3333333333333333
36119,20,0.1252,0.308,0.5741,0.1054,0.5657421350479126,0.22629542648792267,0.20796240866184235,5,11,1,0,0.38685280723454163,0.0
12050,153,0.1905,0.248,0.9436,0.7378,0.5729420781135559,0.3132111728191376,0.1138467937707901,93,27,0,0,0.0,0.0
19531,18,0.1457,0.469,0.545,0.0709,0.5304396152496338,0.2285463660955429,0.2410140186548233,8,16,1,0,0.31546487678572877,0.0
21390,52,0.2372,0.2604,0.7219,0.3679,0.5163992643356323,0.3179337978363037,0.16566692292690277,4,2,1,1,0.43067655807339306,0.6309297535714575
40278,120,0.0402,0.2048,0.8931,0.6715,0.6706738471984863,0.21679365634918213,0.11253248900175095,11,25,0,0,0.0,0.0
5220,51,0.1188,0.2538,0.7338,0.3916,0.5987140536308289,0.24470345675945282,0.1565825194120407,48,5,0,1,0.0,0.38685280723454163
21784,135,0.0587,0.242,0.9249,0.7148,0.6609857082366943,0.22807744145393372,0.11093687266111374,24,15,0,0,0.0,0.0
19665,57,0.0827,0.404,0.7486,0.4209,0.6118790507316589,0.2216695249080658,0.16645143926143646,74,95,0,0,0.0,0.0
20356,619,0.053,0.2256,1.0,0.9,0.6669227480888367,0.23739303648471832,0.09568419307470322,70,72,0,0,0.0,0.0
39463,38,0.3086,0.319,0.6144,0.1653,0.45106905698776245,0.34409695863723755,0.20483392477035522,66,86,0,0,0.0,0.0
28309,263,0.0287,0.159,1.0,0.8202,0.6930946111679077,0.2160002738237381,0.09090503305196762,42,38,0,0,0.0,0.0
11101,76,0.0667,0.3113,0.8141,0.5444,0.6372532248497009,0.2230776846408844,0.13966912031173706,3,25,1,0,0.5,0.0
29492,82,0.0938,0.2995,0.8309,0.5738,0.6227051615715027,0.24068188667297363,0.13661299645900726,38,22,0,0,0.0,0.0
23323,31,0.1295,0.3104,0.6535,0.2342,0.5770324468612671,0.23755791783332825,0.18540960550308228,16,2,0,1,0.0,0.6309297535714575
29665,69,0.0361,0.3309,0.7522,0.4278,0.6468901634216309,0.19933553040027618,0.15377424657344818,7,35,1,0,0.3333333333333333,0.0
36079,105,0.0759,0.313,0.8739,0.6433,0.6387688517570496,0.2335965931415558,0.12763461470603943,14,63,0,0,0.0,0.0
23415,37,0.0711,0.311,0.6475,0.2231,0.6124957203865051,0.2051609754562378,0.1823432594537735,67,44,0,0,0.0,0.0
28899,38,0.0826,0.4355,0.6908,0.306,0.6011280417442322,0.2128123939037323,0.1860595941543579,34,12,0,0,0.0,0.0
18309,96,0.1137,0.2358,0.79,0.5004,0.6094067692756653,0.24968969821929932,0.14090345799922943,22,6,0,1,0.0,0.3562071871080222
3674,26,0.1255,0.3792,0.6144,0.1653,0.5669016242027283,0.2278389036655426,0.20525945723056793,6,33,1,0,0.3562071871080222,0.0
38296,37,0.1531,0.4763,0.6809,0.2865,0.5515000224113464,0.24894073605537415,0.19955919682979584,57,61,0,0,0.0,0.0
27022,21,0.1379,0.716,0.5649,0.0936,0.5138121843338013,0.2149253636598587,0.27126240730285645,11,13,0,0,0.0,0.0
24104,223,0.0298,0.2127,1.0,0.8158,0.6900525093078613,0.21531257033348083,0.09463493525981903,69,53,0,0,0.0,0.0
33806,164,0.0944,0.2043,0.9582,0.7548,0.6444288492202759,0.25129497051239014,0.10427623242139816,50,53,0,0,0.0,0.0
41083,42,0.1271,0.3427,0.7002,0.3247,0.5823184251785278,0.24179020524024963,0.17589135468006134,61,67,0,0,0.0,0.0
36719,30,0.0992,0.3793,0.6413,0.2119,0.5880387425422668,0.21694326400756836,0.1950179934501648,43,66,0,0,0.0,0.0
9486,70,0.1881,0.2361,0.8011,0.5209,0.5596349239349365,0.29852020740509033,0.14184482395648956,22,10,0,1,0.0,0.2890648263178879
40248,430,0.0437,0.2123,1.0,0.8972,0.673872172832489,0.23179499804973602,0.09433283656835556,48,3,0,1,0.0,0.5
2181,40,0.1715,0.4209,0.6956,0.3154,0.5462498664855957,0.2644439935684204,0.1893061399459839,5,26,1,0,0.38685280723454163,0.0
37658,359,0.0367,0.1696,1.0,0.8806,0.682037353515625,0.22665689885616302,0.09130572527647018,22,14,0,0,0.0,0.0
4386,241,0.082,0.2416,0.9728,0.771,0.6527187824249268,0.24324017763137817,0.10404103994369507,34,1,0,1,0.0,1.0
15737,30,0.4412,0.3306,0.6215,0.1771,0.361379474401474,0.439101904630661,0.199518620967865,84,64,0,0,0.0,0.0
24330,39,0.1265,0.3166,0.6757,0.2765,0.5816062688827515,0.2387523353099823,0.17964142560958862,36,96,0,0,0.0,0.0
24036,21,0.3666,0.4271,0.5741,0.1054,0.3981110751628876,0.3706780970096588,0.2312108278274536,89,53,0,0,0.0,0.0
25423,82,0.0855,0.2717,0.8286,0.5698,0.6297154426574707,0.23629027605056763,0.13399426639080048,76,68,0,0,0.0,0.0
2026,32,0.4224,0.408,0.6535,0.2342,0.3722088634967804,0.4271427094936371,0.20064839720726013,31,16,0,0,0.0,0.0
10183,70,0.1586,0.3202,0.8011,0.5209,0.5745619535446167,0.276417076587677,0.1490209549665451,4,2,1,1,0.43067655807339306,0.6309297535714575
29842,64,0.0892,0.2726,0.7486,0.4209,0.618084728717804,0.22907021641731262,0.15284503996372223,6,19,1,0,0.3562071871080222,0.0
24636,72,0.0548,0.2886,0.809,0.5353,0.6457074284553528,0.21651709079742432,0.1377754956483841,26,49,0,0,0.0,0.0
24707,220,0.0507,0.2565,0.9673,0.765,0.6712774038314819,0.2243787795305252,0.10434383153915405,30,2,0,1,0.0,0.6309297535714575
29498,725,0.035,0.1796,1.0,0.9382,0.6772443652153015,0.23159614205360413,0.09115954488515854,25,82,0,0,0.0,0.0
5050,107,0.1521,0.2876,0.8811,0.6541,0.5901468992233276,0.28198233246803284,0.1278708130121231,53,22,0,0,0.0,0.0
9138,91,0.033,0.2147,0.8506,0.6065,0.669236421585083,0.20989352464675903,0.12087009102106094,41,33,0,0,0.0,0.0
24360,206,0.1056,0.2341,1.0,0.7994,0.6413757801055908,0.2583715319633484,0.10025275498628616,34,6,0,1,0.0,0.3562071871080222
26445,323,0.0211,0.21,1.0,0.8637,0.6912943720817566,0.21533149480819702,0.09337417036294937,22,6,0,1,0.0,0.3562071871080222
20941,121,0.124,0.371,0.7451,0.4138,0.5876592397689819,0.2456457018852234,0.16669507324695587,1,2,1,1,1.0,0.6309297535714575
18543,137,0.1746,0.2167,0.898,0.6785,0.5803974270820618,0.3003823459148407,0.11922018229961395,19,15,0,0,0.0,0.0
16602,76,0.0606,0.2645,0.8191,0.5532,0.6449832916259766,0.22129738330841064,0.13371938467025757,20,27,0,0,0.0,0.0
37840,191,0.0798,0.2365,0.9833,0.782,0.6559977531433105,0.2421507090330124,0.10185153782367706,8,9,1,1,0.31546487678572877,0.3010299956639812
1584,23,0.1077,0.3986,0.5993,0.1413,0.5731760859489441,0.21594548225402832,0.21087847650051117,32,28,0,0,0.0,0.0
12408,31,0.3425,0.4075,0.6475,0.2231,0.42567548155784607,0.368643581867218,0.2056809812784195,23,10,0,1,0.0,0.2890648263178879
32936,72,0.1188,0.3633,0.8038,0.5258,0.5986089706420898,0.25073376297950745,0.1506572663784027,13,52,0,0,0.0,0.0
34117,44,0.2328,0.3461,0.7002,0.3247,0.5112443566322327,0.30730804800987244,0.18144753575325012,17,7,0,1,0.0,0.3333333333333333
25690,129,0.0555,0.1342,0.9104,0.6957,0.6673144698143005,0.22772856056690216,0.1049569696187973,85,23,0,0,0.0,0.0
7738,43,0.0799,0.4258,0.7048,0.3337,0.6057414412498474,0.21358314156532288,0.1806754320859909,33,45,0,0,0.0,0.0
17503,522,0.0254,0.1888,1.0,0.903,0.6861449480056763,0.22214536368846893,0.0917096734046936,38,12,0,0,0.0,0.0
17383,253,0.0267,0.204,1.0,0.8359,0.690626859664917,0.21575269103050232,0.0936204344034195,20,27,0,0,0.0,0.0
29619,134,0.0607,0.2397,0.8776,0.6488,0.6536663770675659,0.22673684358596802,0.11959678679704666,23,35,0,0,0.0,0.0
14321,239,0.0677,0.2452,1.0,0.8135,0.6645487546920776,0.23644159734249115,0.09900964051485062,66,66,0,0,0.0,0.0
19011,684,0.0265,0.1762,1.0,0.9251,0.6840491890907288,0.2252887487411499,0.09066205471754074,79,20,0,0,0.0,0.0
32450,43,0.1498,0.2958,0.7136,0.3512,0.5728284120559692,0.25885528326034546,0.16831634938716888,10,6,1,1,0.2890648263178879,0.3562071871080222
13309,41,0.2896,0.2827,0.6956,0.3154,0.47566288709640503,0.34814268350601196,0.1761944741010666,85,41,0,0,0.0,0.0
8064,89,0.0503,0.248,0.8443,0.5962,0.6555824875831604,0.21819670498371124,0.12622083723545074,71,64,0,0,0.0,0.0
39174,27,0.1501,0.3424,0.5649,0.0936,0.5448637008666992,0.23785679042339325,0.21727953851222992,80,16,0,0,0.0,0.0
38444,30,0.3036,0.6123,0.6475,0.2231,0.43616119027137756,0.3296445310115814,0.23419424891471863,50,26,0,0,0.0,0.0
29976,336,0.0178,0.1813,1.0,0.8515,0.6958838701248169,0.21270917356014252,0.09140697866678238,95,22,0,0,0.0,0.0
11516,299,0.0326,0.2109,1.0,0.8572,0.6846773624420166,0.22116538882255554,0.09415729343891144,68,92,0,0,0.0,0.0
29550,179,0.0459,0.2648,0.9384,0.7316,0.6696350574493408,0.22077979147434235,0.10958514362573624,33,5,0,1,0.0,0.38685280723454163
5810,98,0.0995,0.2316,0.8567,0.6164,0.6264468431472778,0.24822533130645752,0.12532782554626465,23,2,0,1,0.0,0.6309297535714575
21256,20,0.3175,0.4169,0.5741,0.1054,0.4311782717704773,0.3380773067474365,0.230744406580925,71,64,0,0,0.0,0.0
23084,251,0.0493,0.2061,1.0,0.8334,0.6765544414520264,0.22841086983680725,0.09503469616174698,42,66,0,0,0.0,0.0
4218,50,0.2496,0.2431,0.6475,0.2231,0.5014632940292358,0.3137302100658417,0.18480652570724487,53,21,0,0,0.0,0.0
19305,134,0.0832,0.3007,0.9249,0.7148,0.6416670680046082,0.24123525619506836,0.11709769070148468,74,91,0,0,0.0,0.0
19969,47,0.1529,0.2738,0.726,0.376,0.5738084316253662,0.26343023777008057,0.16276130080223083,86,59,0,0,0.0,0.0
10496,143,0.0704,0.275,0.9318,0.7234,0.6525021195411682,0.2344769686460495,0.11302097141742706,88,50,0,0,0.0,0.0
11602,65,0.0912,0.3376,0.7782,0.4782,0.6154054999351501,0.232150137424469,0.15244446694850922,58,99,0,0,0.0,0.0
24006,36,0.0993,0.3339,0.6809,0.2865,0.5981687307357788,0.22366422414779663,0.17816708981990814,6,43,1,0,0.3562071871080222,0.0
33554,42,0.2166,0.3492,0.7092,0.3425,0.5231172442436218,0.298147588968277,0.17873507738113403,51,46,0,0,0.0,0.0
40387,39,0.2389,0.3162,0.6908,0.306,0.5082646012306213,0.3109571635723114,0.18077826499938965,80,87,0,0,0.0,0.0
39522,105,0.1045,0.2746,0.8215,0.5574,0.6162956953048706,0.24672144651412964,0.13698287308216095,7,19,1,0,0.3333333333333333,0.0
13365,39,0.1025,0.2768,0.6908,0.306,0.6022529602050781,0.22859013080596924,0.16915687918663025,14,17,0,0,0.0,0.0
9207,63,0.2478,0.4619,0.7624,0.4477,0.49876388907432556,0.3236542344093323,0.17758189141750336,45,32,0,0,0.0,0.0
40032,27,0.0533,0.4608,0.6283,0.1889,0.6055598855018616,0.18960566818714142,0.20483452081680298,37,73,0,0,0.0,0.0
32587,124,0.1157,0.2745,0.8721,0.6405,0.6147801876068115,0.2583661377429962,0.1268536001443863,88,22,0,0,0.0,0.0
38518,18,0.2922,0.3802,0.545,0.0709,0.4450962543487549,0.32024088501930237,0.23466280102729797,7,9,1,1,0.3333333333333333,0.3010299956639812
38554,159,0.0574,0.2539,0.9436,0.7378,0.6637439131736755,0.22772514820098877,0.10853096097707748,40,65,0,0,0.0,0.0
24484,111,0.0355,0.2047,0.888,0.6643,0.6729331016540527,0.2139236032962799,0.11314328014850616,57,39,0,0,0.0,0.0
41080,26,0.2723,0.3669,0.5993,0.1413,0.4696095287799835,0.31476759910583496,0.21562279760837555,16,50,0,0,0.0,0.0
8590,119,0.0538,0.2261,0.898,0.6785,0.6614794135093689,0.22430838644504547,0.11421217769384384,62,5,0,1,0.0,0.38685280723454163
5720,31,0.1637,0.3457,0.6535,0.2342,0.5518897771835327,0.25609830021858215,0.19201189279556274,73,41,0,0,0.0,0.0
4273,46,0.2406,0.2604,0.7219,0.3679,0.5140075087547302,0.32024964690208435,0.16574275493621826,23,14,0,0,0.0,0.0
39799,27,0.254,0.4356,0.6283,0.1889,0.48076358437538147,0.3038756549358368,0.21536077558994293,13,9,0,1,0.0,0.3010299956639812
41489,334,0.0504,0.1943,1.0,0.853,0.6746276617050171,0.2313435822725296,0.09402868151664734,20,10,0,1,0.0,0.2890648263178879
31681,125,0.0632,0.2317,0.9043,0.6873,0.6559770703315735,0.22993780672550201,0.1140851080417633,18,29,0,0,0.0,0.0
40221,168,0.0681,0.2445,0.9485,0.7437,0.6581047773361206,0.23431755602359772,0.10757767409086227,90,22,0,0,0.0,0.0
27234,68,0.0816,0.267,0.7984,0.5159,0.6290674805641174,0.23095005750656128,0.13998250663280487,40,38,0,0,0.0,0.0
4802,33,0.2427,0.4476,0.6649,0.2557,0.49249446392059326,0.3024682402610779,0.20503735542297363,4,11,1,0,0.43067655807339306,0.0
8270,68,0.129,0.2005,0.7984,0.5159,0.6024371385574341,0.26108506321907043,0.13647784292697906,60,90,0,0,0.0,0.0
21104,91,0.0471,0.2409,0.8464,0.5997,0.6582990288734436,0.21675164997577667,0.12494932115077972,74,100,0,0,0.0,0.0
41481,66,0.1573,0.2342,0.759,0.4412,0.5770819187164307,0.2724887430667877,0.15042930841445923,54,57,0,0,0.0,0.0
29845,57,0.2264,0.4036,0.7656,0.4541,0.5181212425231934,0.3123524785041809,0.1695263385772705,39,36,0,0,0.0,0.0
30834,115,0.0866,0.3427,0.888,0.6643,0.6317628622055054,0.24016761779785156,0.12806949019432068,95,7,0,1,0.0,0.3333333333333333
34105,23,0.2656,0.5476,0.5912,0.1293,0.4571964144706726,0.29912933707237244,0.24367421865463257,1,2,1,1,1.0,0.6309297535714575
22893,28,0.1253,0.396,0.6349,0.2005,0.5691222548484802,0.22965270280838013,0.20122510194778442,5,4,1,1,0.38685280723454163,0.43067655807339306
8498,415,0.0394,0.1553,1.0,0.8747,0.6815798282623291,0.22784747183322906,0.09057266265153885,84,60,0,0,0.0,0.0
12137,89,0.0383,0.2969,0.8443,0.5962,0.6597257256507874,0.21054454147815704,0.1297297328710556,19,27,0,0,0.0,0.0
8547,41,0.261,0.3989,0.6757,0.2765,0.4852166473865509,0.3189321756362915,0.19585107266902924,18,42,0,0,0.0,0.0
28730,80,0.1055,0.2324,0.8166,0.5488,0.617911696434021,0.24792806804180145,0.13416020572185516,76,66,0,0,0.0,0.0
40445,656,0.0252,0.1833,1.0,0.932,0.6838806867599487,0.22514089941978455,0.09097842127084732,39,72,0,0,0.0,0.0
3534,81,0.0609,0.353,0.7842,0.4895,0.6341098546981812,0.21556343138217926,0.15032675862312317,17,25,0,0,0.0,0.0
8194,317,0.0312,0.2081,1.0,0.8669,0.6848171949386597,0.22141413390636444,0.09376867115497589,9,30,1,0,0.3010299956639812,0.0
34138,121,0.0656,0.248,0.9043,0.6873,0.6534587144851685,0.23098722100257874,0.11555404961109161,28,31,0,0,0.0,0.0
10164,29,0.191,0.4247,0.6215,0.1771,0.5221489071846008,0.26429232954978943,0.21355871856212616,42,52,0,0,0.0,0.0
38142,28,0.1335,0.3423,0.6349,0.2005,0.5687748789787292,0.23619499802589417,0.1950300633907318,18,9,0,1,0.0,0.3010299956639812
40519,28,0.2319,0.4519,0.6283,0.1889,0.4940568506717682,0.28903383016586304,0.21690936386585236,42,84,0,0,0.0,0.0
10818,23,0.3919,0.374,0.5993,0.1413,0.38892167806625366,0.39619675278663635,0.2148815542459488,57,34,0,0,0.0,0.0
21464,53,0.1997,0.4711,0.7451,0.4138,0.5293585658073425,0.28840309381484985,0.18223829567432404,15,24,0,0,0.0,0.0
15045,123,0.1019,0.2952,0.9059,0.6894,0.6270685195922852,0.2516826093196869,0.12124881893396378,63,43,0,0,0.0,0.0
22995,18,0.2539,0.3997,0.545,0.0709,0.46842053532600403,0.2947417199611664,0.23683775961399078,78,47,0,0,0.0,0.0
34182,18,0.4786,0.449,0.5552,0.0821,0.3222811222076416,0.444596529006958,0.2331223040819168,44,23,0,0,0.0,0.0
18888,111,0.1421,0.2331,0.8863,0.6618,0.6009488105773926,0.277395099401474,0.12165616452693939,52,43,0,0,0.0,0.0
5146,333,0.045,0.138,1.0,0.8688,0.67940753698349,0.23079828917980194,0.08979418128728867,39,15,0,0,0.0,0.0
16671,810,0.0245,0.1788,1.0,0.9452,0.6833252310752869,0.2261919379234314,0.09048281610012054,46,3,0,1,0.0,0.5
13054,23,0.2995,0.5631,0.5912,0.1293,0.4339401423931122,0.31967970728874207,0.24638013541698456,23,2,0,1,0.0,0.6309297535714575
18295,153,0.0397,0.244,0.9436,0.7378,0.675467848777771,0.21782644093036652,0.10670571029186249,19,71,0,0,0.0,0.0
8258,22,0.0668,0.4358,0.5829,0.1173,0.5905849933624268,0.1925809383392334,0.21683409810066223,98,79,0,0,0.0,0.0
35824,18,0.3897,0.5132,0.5552,0.0821,0.37354427576065063,0.3775222599506378,0.24893344938755035,10,7,1,1,0.2890648263178879,0.3333333333333333
39623,30,0.1929,0.3799,0.6475,0.2231,0.5289185643196106,0.27134403586387634,0.19973738491535187,33,15,0,0,0.0,0.0
33123,29,0.2083,0.5122,0.6413,0.2119,0.5063546895980835,0.2736720144748688,0.2199733406305313,4,4,1,1,0.43067655807339306,0.43067655807339306
11242,227,0.0756,0.2029,1.0,0.8119,0.6617414951324463,0.24181139469146729,0.09644702821969986,34,49,0,0,0.0,0.0
10236,34,0.175,0.5308,0.6704,0.2662,0.5309101343154907,0.25776177644729614,0.21132808923721313,33,12,0,0,0.0,0.0
11427,26,0.2538,0.2956,0.6144,0.1653,0.49014201760292053,0.3086469769477844,0.20121102035045624,25,30,0,0,0.0,0.0
22423,28,0.2366,0.4776,0.6283,0.1889,0.4887460172176361,0.2906692326068878,0.22058473527431488,69,8,0,1,0.0,0.31546487678572877
2576,388,0.0374,0.1715,1.0,0.888,0.6808105111122131,0.22781343758106232,0.09137601405382156,60,42,0,0,0.0,0.0
1743,19,0.1913,0.536,0.5649,0.0936,0.5001202821731567,0.2521896958351135,0.24768990278244019,31,20,0,0,0.0,0.0
38327,65,0.0917,0.4633,0.7871,0.495,0.6065088510513306,0.22987423837184906,0.16361699998378754,80,68,0,0,0.0,0.0
38664,23,0.2169,0.4265,0.5741,0.1054,0.49625054001808167,0.273618221282959,0.23013128340244293,57,65,0,0,0.0,0.0
17695,21,0.0985,0.4795,0.5829,0.1173,0.5671900510787964,0.20665434002876282,0.22615563869476318,13,28,0,0,0.0,0.0
14087,337,0.0454,0.2728,1.0,0.8641,0.6727091670036316,0.2281985580921173,0.09909232705831528,29,7,0,1,0.0,0.3333333333333333
35105,30,0.1078,0.3866,0.6413,0.2119,0.582033097743988,0.22128917276859283,0.19667771458625793,58,67,0,0,0.0,0.0
1875,64,0.1852,0.3382,0.772,0.4664,0.551984429359436,0.2887331247329712,0.15928241610527039,24,29,0,0,0.0,0.0
32850,81,0.0553,0.353,0.8263,0.5657,0.6429569721221924,0.21692480146884918,0.14011825621128082,14,17,0,0,0.0,0.0
19272,33,0.3695,0.5286,0.5741,0.1054,0.3886162340641022,0.3655289113521576,0.24585485458374023,57,2,0,1,0.0,0.6309297535714575
37370,140,0.1274,0.2706,0.9235,0.7129,0.613616943359375,0.2692805826663971,0.11710252612829208,93,65,0,0,0.0,0.0
31963,178,0.0709,0.2187,0.9695,0.7674,0.6607356071472168,0.23695890605449677,0.10230543464422226,66,49,0,0,0.0,0.0
41537,296,0.0559,0.1711,1.0,0.8553,0.6720352172851562,0.23525825142860413,0.0927066057920456,4,9,1,1,0.43067655807339306,0.3010299956639812
39708,22,0.1204,0.4377,0.5741,0.1054,0.5561144948005676,0.21873855590820312,0.22514693439006805,14,5,0,1,0.0,0.38685280723454163
19779,130,0.0435,0.1821,0.9119,0.6977,0.6723576784133911,0.22001232206821442,0.10763000696897507,78,13,0,0,0.0,0.0
36598,46,0.2313,0.2944,0.7136,0.3512,0.5174035429954529,0.31098854541778564,0.1716078817844391,58,79,0,0,0.0,0.0
4743,74,0.1498,0.369,0.7782,0.4782,0.5745604038238525,0.2660830020904541,0.15935657918453217,38,7,0,1,0.0,0.3333333333333333
3832,44,0.1793,0.2184,0.7092,0.3425,0.558293342590332,0.279252827167511,0.1624537855386734,57,31,0,0,0.0,0.0
10541,113,0.1669,0.1855,0.8776,0.6488,0.5853143334388733,0.2944302260875702,0.12025542557239532,22,45,0,0,0.0,0.0
29190,77,0.1279,0.234,0.8215,0.5574,0.603373646736145,0.26216384768486023,0.13446253538131714,23,77,0,0,0.0,0.0
27666,147,0.0755,0.2447,0.9291,0.72,0.6505934596061707,0.2380302995443344,0.11137623339891434,1,1,1,1,1.0,1.0
38585,18,0.3049,0.6576,0.545,0.0709,0.4127003848552704,0.3104288876056671,0.2768707573413849,89,67,0,0,0.0,0.0
30732,136,0.1433,0.27,0.8665,0.6318,0.5955935120582581,0.27548453211784363,0.1289219856262207,9,15,1,0,0.3010299956639812,0.0
13591,180,0.1763,0.2054,0.9651,0.7626,0.5882959961891174,0.3053025007247925,0.10640145093202591,66,66,0,0,0.0,0.0
41029,60,0.0658,0.3037,0.7377,0.3992,0.6290780305862427,0.2138892561197281,0.15703272819519043,16,28,0,0,0.0,0.0
9522,126,0.0429,0.1967,0.9074,0.6915,0.671308159828186,0.21918174624443054,0.1095101609826088,5,9,1,1,0.38685280723454163,0.3010299956639812
20802,31,0.1256,0.3714,0.6535,0.2342,0.5742095112800598,0.2331908792257309,0.1925995796918869,44,36,0,0,0.0,0.0
21241,55,0.2496,0.5224,0.4837,0.0235,0.44413918256759644,0.2810186445713043,0.27484217286109924,45,65,0,0,0.0,0.0
22959,68,0.0902,0.2426,0.7842,0.4895,0.6236603856086731,0.23490683734416962,0.14143285155296326,68,84,0,0,0.0,0.0
36593,203,0.0416,0.2098,1.0,0.7985,0.6844209432601929,0.22026164829730988,0.09531737118959427,54,2,0,1,0.0,0.6309297535714575
8677,154,0.0821,0.1686,0.9345,0.7268,0.6512808203697205,0.2437916249036789,0.10492753237485886,67,22,0,0,0.0,0.0
36976,36,0.0813,0.2651,0.6704,0.2662,0.613726794719696,0.21465732157230377,0.17161589860916138,23,5,0,1,0.0,0.38685280723454163
33933,77,0.0612,0.2948,0.8166,0.5488,0.6421921849250793,0.2206616848707199,0.13714607059955597,55,67,0,0,0.0,0.0
6975,22,0.2646,0.3736,0.5912,0.1293,0.4728121757507324,0.30826544761657715,0.21892237663269043,31,88,0,0,0.0,0.0
21226,23,0.3838,0.6307,0.5912,0.1293,0.37458401918411255,0.3706577718257904,0.2547582685947418,85,39,0,0,0.0,0.0
16104,105,0.0974,0.2696,0.8793,0.6514,0.6281863451004028,0.2478143572807312,0.12399929761886597,79,59,0,0,0.0,0.0
30878,26,0.1022,0.5601,0.6215,0.1771,0.5650050044059753,0.2095867097377777,0.22540833055973053,77,64,0,0,0.0,0.0
8060,58,0.0671,0.2781,0.7656,0.4541,0.633617103099823,0.2187255620956421,0.14765726029872894,34,49,0,0,0.0,0.0
17859,19,0.1109,0.4277,0.545,0.0709,0.5559588074684143,0.21207229793071747,0.23196887969970703,59,46,0,0,0.0,0.0
29827,212,0.1199,0.2526,0.8721,0.6405,0.613301694393158,0.26156166195869446,0.1251366138458252,7,8,1,1,0.3333333333333333,0.31546487678572877
40834,24,0.4042,0.3806,0.5993,0.1413,0.3803304433822632,0.40448856353759766,0.21518099308013916,12,7,0,1,0.0,0.3333333333333333
9378,152,0.0745,0.2466,0.9473,0.7423,0.6536648869514465,0.23803739249706268,0.10829770565032959,88,23,0,0,0.0,0.0
6393,23,0.0375,0.3702,0.5993,0.1413,0.6179012060165405,0.18208280205726624,0.200016051530838,57,53,0,0,0.0,0.0
3117,383,0.0429,0.2022,1.0,0.8866,0.6758896112442017,0.23036909103393555,0.0937412828207016,84,74,0,0,0.0,0.0
19295,47,0.0961,0.3715,0.7002,0.3247,0.5996727347373962,0.2233940213918686,0.17693334817886353,28,21,0,0,0.0,0.0
25509,41,0.2209,0.3714,0.6908,0.306,0.5164539813995361,0.29667559266090393,0.18687039613723755,24,7,0,1,0.0,0.3333333333333333
27825,56,0.0686,0.2655,0.759,0.4412,0.6328511834144592,0.21907153725624084,0.14807727932929993,17,40,0,0,0.0,0.0
16535,60,0.2194,0.2683,0.7656,0.4541,0.5322470664978027,0.3131025433540344,0.15465034544467926,8,15,1,0,0.31546487678572877,0.0
10645,210,0.0835,0.1726,1.0,0.8029,0.6589390635490417,0.2462048977613449,0.09485600888729095,87,31,0,0,0.0,0.0
21757,47,0.1614,0.3567,0.73,0.3839,0.5622809529304504,0.2663429081439972,0.17137610912322998,81,10,0,1,0.0,0.2890648263178879
20806,18,0.3027,0.51,0.5552,0.0821,0.42941877245903015,0.3200654983520508,0.2505156993865967,26,44,0,0,0.0,0.0
12648,46,0.1625,0.3738,0.7136,0.3512,0.558285653591156,0.26375052332878113,0.1779637336730957,55,8,0,1,0.0,0.31546487678572877
10619,81,0.044,0.2948,0.8215,0.5574,0.6534983515739441,0.2116899937391281,0.13481169939041138,29,40,0,0,0.0,0.0
32866,333,0.0545,0.1706,1.0,0.8692,0.6716461777687073,0.23593227565288544,0.09242159873247147,3,3,1,1,0.5,0.5
33910,25,0.2905,0.4025,0.607,0.1534,0.45579737424850464,0.3259621858596802,0.21824043989181519,43,2,0,1,0.0,0.6309297535714575
30910,18,0.1695,0.5866,0.5552,0.0821,0.506191611289978,0.23670350015163422,0.25710490345954895,5,15,1,0,0.38685280723454163,0.0
32924,212,0.0473,0.2893,1.0,0.8038,0.6761146783828735,0.222680002450943,0.10120537132024765,65,94,0,0,0.0,0.0
20490,42,0.0499,0.3826,0.7048,0.3337,0.6277806758880615,0.19929057359695435,0.17292876541614532,56,49,0,0,0.0,0.0
32818,286,0.0183,0.1838,1.0,0.8388,0.6965757608413696,0.21167445182800293,0.09174981713294983,56,26,0,0,0.0,0.0
1431,67,0.1524,0.2779,0.79,0.5004,0.5805231928825378,0.2723567485809326,0.14712002873420715,75,65,0,0,0.0,0.0
5969,39,0.3194,0.4331,0.6908,0.306,0.44413256645202637,0.3601519763469696,0.1957155019044876,58,49,0,0,0.0,0.0
26147,1156,0.0522,0.1849,1.0,0.9612,0.6635953783988953,0.24435828626155853,0.09204629063606262,85,19,0,0,0.0,0.0
33309,57,0.2048,0.3171,0.759,0.4412,0.5385888814926147,0.30031007528305054,0.16110101342201233,25,6,0,1,0.0,0.3562071871080222
40307,20,0.2579,0.4994,0.4976,0.0314,0.44500160217285156,0.2880202829837799,0.2669781744480133,9,9,1,1,0.3010299956639812,0.3010299956639812
16047,24,0.1447,0.5808,0.607,0.1534,0.5338867902755737,0.22920498251914978,0.2369082123041153,56,96,0,0,0.0,0.0
36331,46,0.1885,0.3476,0.7178,0.3596,0.5433502197265625,0.28162238001823425,0.17502747476100922,92,43,0,0,0.0,0.0
23456,46,0.4538,0.2318,0.7178,0.3596,0.36378300189971924,0.477192759513855,0.1590242236852646,32,6,0,1,0.0,0.3562071871080222
3001,52,0.2103,0.4379,0.73,0.3839,0.5229847431182861,0.2939722239971161,0.18304303288459778,90,18,0,0,0.0,0.0
36907,517,0.0543,0.2029,1.0,0.9015,0.6670836806297302,0.2387479543685913,0.09416837990283966,6,38,1,0,0.3562071871080222,0.0
18706,43,0.2707,0.4224,0.7092,0.3425,0.4803857207298279,0.3308689296245575,0.18874527513980865,34,3,0,1,0.0,0.5
32659,52,0.2739,0.2587,0.7219,0.3679,0.4905402958393097,0.34340840578079224,0.1660512387752533,45,2,0,1,0.0,0.6309297535714575
31149,223,0.0611,0.2156,1.0,0.7985,0.6717626452445984,0.2314579337835312,0.09677940607070923,14,36,0,0,0.0,0.0
39383,35,0.1,0.4112,0.6757,0.2765,0.590209424495697,0.2208227664232254,0.188967764377594,8,20,1,0,0.31546487678572877,0.0
495,20,0.1766,0.4358,0.5649,0.0936,0.5191807746887207,0.24867208302021027,0.23214708268642426,37,6,0,1,0.0,0.3562071871080222
7064,36,0.0462,0.4495,0.6704,0.2662,0.618511974811554,0.19132232666015625,0.1901656687259674,57,9,0,1,0.0,0.3010299956639812
28633,28,0.515,0.336,0.6215,0.1771,0.31322550773620605,0.4927620589733124,0.19401244819164276,61,28,0,0,0.0,0.0
8876,219,0.0176,0.2808,0.9684,0.7662,0.6905310750007629,0.20553244650363922,0.10393647849559784,37,36,0,0,0.0,0.0
40213,31,0.2447,0.3094,0.6475,0.2231,0.4998113512992859,0.30737966299057007,0.19280894100666046,36,14,0,0,0.0,0.0
37177,51,0.1878,0.4294,0.7219,0.3679,0.5379400253295898,0.2786092162132263,0.18345072865486145,9,28,1,0,0.3010299956639812,0.0
26781,107,0.0685,0.2178,0.8829,0.6567,0.6506935358047485,0.23206830024719238,0.11723818629980087,6,14,1,0,0.3562071871080222,0.0
24300,90,0.0595,0.3274,0.8464,0.5997,0.6447080969810486,0.22169233858585358,0.13359951972961426,18,30,0,0,0.0,0.0
2806,70,0.0934,0.2995,0.8011,0.5209,0.6194754242897034,0.23721715807914734,0.1433074027299881,6,15,1,0,0.3562071871080222,0.0
26592,292,0.0548,0.2498,1.0,0.8535,0.66888827085495,0.23300503194332123,0.098106749355793,14,7,0,1,0.0,0.3333333333333333
3162,68,0.0901,0.4076,0.7928,0.5057,0.612608790397644,0.23131942749023438,0.1560717076063156,2,1,1,1,0.6309297535714575,1.0
12970,84,0.0718,0.3877,0.8309,0.5738,0.6306565403938293,0.22569046914577484,0.14365294575691223,91,26,0,0,0.0,0.0
24060,61,0.0805,0.3255,0.772,0.4664,0.6223834753036499,0.22567354142665863,0.15194299817085266,69,27,0,0,0.0,0.0
38159,18,0.1794,0.5326,0.5342,0.0601,0.5003522634506226,0.2430957555770874,0.2565520107746124,33,25,0,0,0.0,0.0
39528,123,0.0547,0.306,0.8811,0.6541,0.6536844372749329,0.22211554646492004,0.12420008331537247,26,28,0,0,0.0,0.0
25665,89,0.0706,0.2163,0.8485,0.6031,0.6452974677085876,0.2307683527469635,0.12393415719270706,18,33,0,0,0.0,0.0
33251,187,0.0543,0.1822,0.975,0.7733,0.6741579174995422,0.2279297262430191,0.09791240841150284,89,7,0,1,0.0,0.3333333333333333
29869,163,0.0876,0.2086,0.8776,0.6488,0.6381908655166626,0.2432234138250351,0.11858576536178589,36,26,0,0,0.0,0.0
18599,73,0.0783,0.3557,0.8116,0.5399,0.626394510269165,0.22820249199867249,0.14540301263332367,64,27,0,0,0.0,0.0
7804,65,0.0609,0.1637,0.79,0.5004,0.6484121084213257,0.22084462642669678,0.13074325025081635,43,1,0,1,0.0,1.0
8526,75,0.1906,0.3654,0.8166,0.5488,0.5510180592536926,0.2977965772151947,0.15118536353111267,37,5,0,1,0.0,0.38685280723454163
41387,232,0.0488,0.2138,1.0,0.8135,0.6783114075660706,0.22589029371738434,0.09579835832118988,58,80,0,0,0.0,0.0
26184,46,0.0919,0.2615,0.726,0.376,0.6145730018615723,0.22790312767028809,0.15752381086349487,28,37,0,0,0.0,0.0
24779,256,0.1105,0.3303,0.9059,0.6894,0.6191662549972534,0.25610482692718506,0.12472893297672272,5,7,1,1,0.38685280723454163,0.3333333333333333
22527,161,0.0762,0.2423,0.9485,0.7437,0.6529713869094849,0.2391752004623413,0.10785333812236786,39,33,0,0,0.0,0.0
24259,44,0.137,0.3093,0.7178,0.3596,0.5807201266288757,0.2513463497161865,0.16793347895145416,28,8,0,1,0.0,0.31546487678572877
9558,1267,0.0303,0.1768,1.0,0.9641,0.6779586672782898,0.23162953555583954,0.09041185677051544,40,23,0,0,0.0,0.0
13239,382,0.055,0.2266,1.0,0.8866,0.666844367980957,0.2371184080839157,0.09603720158338547,38,45,0,0,0.0,0.0
33565,79,0.1698,0.1892,0.8239,0.5616,0.577569842338562,0.29076412320137024,0.13166600465774536,50,83,0,0,0.0,0.0
26668,101,0.1088,0.3431,0.7871,0.495,0.6046714186668396,0.24331288039684296,0.15201576054096222,3,2,1,1,0.5,0.6309297535714575
32994,28,0.1767,0.4202,0.6283,0.1889,0.5329717993736267,0.257021963596344,0.21000629663467407,14,19,0,0,0.0,0.0
38073,23,0.2409,0.3906,0.5912,0.1293,0.4870796203613281,0.29228827357292175,0.22063210606575012,79,44,0,0,0.0,0.0
37060,121,0.0812,0.2164,0.9043,0.6873,0.6452348828315735,0.24087965488433838,0.11388547718524933,92,8,0,1,0.0,0.31546487678572877
2437,315,0.0776,0.1821,1.0,0.8637,0.6564381122589111,0.24918395280838013,0.09437794238328934,23,39,0,0,0.0,0.0
9091,86,0.0724,0.2779,0.8399,0.589,0.6390723586082458,0.2296234369277954,0.13130418956279755,68,19,0,0,0.0,0.0
35961,74,0.1093,0.2594,0.8116,0.5399,0.6130426526069641,0.24893391132354736,0.13802343606948853,74,49,0,0,0.0,0.0
31339,167,0.0269,0.2203,0.9593,0.7562,0.6869514584541321,0.21150244772434235,0.10154607146978378,11,7,0,1,0.0,0.3333333333333333
30302,24,0.1077,0.5806,0.5993,0.1413,0.5548377633094788,0.20903648436069489,0.23612581193447113,64,70,0,0,0.0,0.0
9915,18,0.2325,0.7244,0.5552,0.0821,0.4532475173473358,0.2642330229282379,0.28251945972442627,13,10,0,1,0.0,0.2890648263178879
37062,147,0.0915,0.2984,0.941,0.7348,0.6386266946792603,0.24695178866386414,0.11442151665687561,14,5,0,1,0.0,0.38685280723454163
21786,88,0.102,0.1874,0.8464,0.5997,0.6263786554336548,0.24993430078029633,0.12368698418140411,65,34,0,0,0.0,0.0
21189,1046,0.0236,0.1987,1.0,0.9523,0.6822478175163269,0.22608613967895508,0.09166603535413742,79,43,0,0,0.0,0.0
40027,30,0.3001,0.3737,0.6475,0.2231,0.45705896615982056,0.3412329852581024,0.20170806348323822,88,46,0,0,0.0,0.0
26132,34,0.1882,0.299,0.6704,0.2662,0.5417842864990234,0.27547886967658997,0.18273679912090302,30,21,0,0,0.0,0.0
19911,467,0.0411,0.1789,1.0,0.906,0.6763940453529358,0.2317754030227661,0.0918305367231369,19,33,0,0,0.0,0.0
38848,114,0.0522,0.331,0.8914,0.6691,0.6550283432006836,0.22080092132091522,0.12417072057723999,11,27,0,0,0.0,0.0
33451,166,0.0587,0.1867,0.9582,0.7548,0.6687276363372803,0.23014046251773834,0.10113192349672318,64,57,0,0,0.0,0.0
33601,289,0.0238,0.2081,1.0,0.853,0.6906796097755432,0.21579287946224213,0.09352744370698929,23,35,0,0,0.0,0.0
32376,66,0.3228,0.2104,0.7928,0.5057,0.46273529529571533,0.3945232927799225,0.1427413374185562,16,7,0,1,0.0,0.3333333333333333
19951,45,0.181,0.352,0.7136,0.3512,0.5476142168045044,0.27601468563079834,0.17637105286121368,28,12,0,0,0.0,0.0
31419,39,0.2389,0.2478,0.6809,0.2865,0.5122201442718506,0.3121948540210724,0.1755850464105606,80,71,0,0,0.0,0.0
1013,20,0.107,0.4902,0.5741,0.1054,0.5589297413825989,0.20977315306663513,0.23129703104496002,62,53,0,0,0.0,0.0
24456,22,0.2288,0.3793,0.5912,0.1293,0.49602699279785156,0.2853148579597473,0.21865810453891754,69,35,0,0,0.0,0.0
22005,132,0.0583,0.1833,0.9193,0.7074,0.6639008522033691,0.22877198457717896,0.1073271632194519,58,11,0,0,0.0,0.0
7226,117,0.1544,0.3441,0.898,0.6785,0.5872399210929871,0.2831782102584839,0.12958180904388428,19,34,0,0,0.0,0.0
27714,22,0.1128,0.5986,0.5829,0.1173,0.5461060404777527,0.20918439328670502,0.2447095811367035,17,10,0,1,0.0,0.2890648263178879
20434,18,0.2733,0.3452,0.5552,0.0821,0.4625926911830902,0.311076819896698,0.22633041441440582,61,9,0,1,0.0,0.3010299956639812
35289,191,0.0802,0.1439,0.9813,0.7799,0.6602581739425659,0.24414783716201782,0.09559399634599686,11,56,0,0,0.0,0.0
31403,40,0.1999,0.332,0.6956,0.3154,0.5343270301818848,0.2857053577899933,0.17996764183044434,78,11,0,0,0.0,0.0
17730,71,0.2224,0.2824,0.7984,0.5159,0.5321375131607056,0.3197901248931885,0.14807233214378357,99,48,0,0,0.0,0.0
39963,46,0.1007,0.305,0.726,0.376,0.6055657267570496,0.23158711194992065,0.1628471463918686,92,21,0,0,0.0,0.0
38474,497,0.0135,0.1894,1.0,0.9123,0.692690372467041,0.21631939709186554,0.09099023789167404,90,35,0,0,0.0,0.0
31790,120,0.1125,0.1544,0.9012,0.6829,0.6275509595870972,0.2613597810268402,0.11108922958374023,8,17,1,0,0.31546487678572877,0.0
11388,45,0.1177,0.4439,0.7219,0.3679,0.5828171968460083,0.2361781895160675,0.1810046285390854,11,7,0,1,0.0,0.3333333333333333
36101,94,0.1779,0.2295,0.8547,0.6132,0.5725255012512207,0.2983926832675934,0.1290818154811859,5,37,1,0,0.38685280723454163,0.0
9827,22,0.2876,0.3958,0.5912,0.1293,0.45568451285362244,0.32200393080711365,0.22231152653694153,35,36,0,0,0.0,0.0
16154,204,0.084,0.2487,0.9991,0.7976,0.6549968123435974,0.2445582002401352,0.10044491291046143,73,8,0,1,0.0,0.31546487678572877
1965,24,0.1279,0.3345,0.607,0.1534,0.5681453943252563,0.22998414933681488,0.20187050104141235,14,5,0,1,0.0,0.38685280723454163
7256,165,0.0602,0.2217,0.8996,0.6807,0.6578896641731262,0.22815383970737457,0.11395643651485443,57,67,0,0,0.0,0.0
12712,151,0.0915,0.1959,0.9397,0.7332,0.6442584991455078,0.24914947152137756,0.10659206658601761,29,5,0,1,0.0,0.38685280723454163
1166,64,0.0994,0.2574,0.7752,0.4724,0.6156635284423828,0.2387515902519226,0.14558491110801697,3,2,1,1,0.5,0.6309297535714575
29287,234,0.0546,0.2448,1.0,0.8237,0.6720537543296814,0.22979813814163208,0.09814807772636414,44,3,0,1,0.0,0.5
39895,168,0.0472,0.2488,0.9522,0.748,0.6717182397842407,0.22220981121063232,0.10607197880744934,48,73,0,0,0.0,0.0
27852,36,0.4388,0.3908,0.6809,0.2865,0.3642105162143707,0.4468643069267273,0.18892517685890198,57,4,0,1,0.0,0.43067655807339306
10067,27,0.253,0.4335,0.6144,0.1653,0.47943347692489624,0.3010595738887787,0.21950700879096985,49,18,0,0,0.0,0.0
27472,92,0.079,0.2655,0.8526,0.6099,0.6371889114379883,0.23485523462295532,0.1279558390378952,96,75,0,0,0.0,0.0
13580,45,0.2484,0.4105,0.7178,0.3596,0.4975626766681671,0.3180423378944397,0.18439505994319916,38,12,0,0,0.0,0.0
27317,100,0.1045,0.2194,0.8702,0.6376,0.6254569292068481,0.2526930272579193,0.12185007333755493,3,3,1,1,0.5,0.5
37230,65,0.2059,0.2997,0.7842,0.4895,0.5414001941680908,0.3057267665863037,0.15287303924560547,16,52,0,0,0.0,0.0
31215,102,0.083,0.3287,0.8526,0.6099,0.6304076910018921,0.23563165962696075,0.13396060466766357,58,6,0,1,0.0,0.3562071871080222
39307,338,0.0471,0.1921,1.0,0.8711,0.6751599907875061,0.23136641085147858,0.09347355365753174,33,20,0,0,0.0,0.0
9163,48,0.2394,0.4145,0.726,0.376,0.5043272972106934,0.31339627504348755,0.18227644264698029,38,30,0,0,0.0,0.0
13825,26,0.3383,0.5164,0.6144,0.1653,0.4162445366382599,0.35231509804725647,0.23144029080867767,14,12,0,0,0.0,0.0
38844,149,0.0182,0.213,0.9423,0.7363,0.6902690529823303,0.2064925581216812,0.10323835909366608,73,93,0,0,0.0,0.0
31667,362,0.0297,0.2048,1.0,0.8797,0.6847615242004395,0.22193479537963867,0.09330368787050247,47,77,0,0,0.0,0.0
25028,23,0.2566,0.4867,0.5993,0.1413,0.46992218494415283,0.2981361150741577,0.23194171488285065,35,83,0,0,0.0,0.0
20895,107,0.1087,0.4402,0.7956,0.5109,0.5984814167022705,0.24139836430549622,0.1601201593875885,33,6,0,1,0.0,0.3562071871080222
11551,32,0.2781,0.2656,0.6349,0.2005,0.47859400510787964,0.32968103885650635,0.19172492623329163,32,55,0,0,0.0,0.0
30442,65,0.1295,0.3218,0.7556,0.4346,0.5890334844589233,0.25203201174736023,0.15893447399139404,47,4,0,1,0.0,0.43067655807339306
22727,360,0.0214,0.2227,1.0,0.8794,0.6890463829040527,0.21689026057720184,0.09406325221061707,61,10,0,1,0.0,0.2890648263178879
40689,18,0.2301,0.4633,0.5342,0.0601,0.4753742516040802,0.27580535411834717,0.24882040917873383,3,3,1,1,0.5,0.5
17682,89,0.1354,0.3756,0.8421,0.5926,0.5912454724311829,0.26495349407196045,0.1438009887933731,19,56,0,0,0.0,0.0
32016,39,0.2136,0.3415,0.6908,0.306,0.5237274765968323,0.29326435923576355,0.1830081194639206,40,33,0,0,0.0,0.0
41333,47,0.0598,0.2852,0.7219,0.3679,0.6322370171546936,0.2092076539993286,0.1585552990436554,24,3,0,1,0.0,0.5
